field,type,sum,min,max,min_length,max_length,mean,stddev,median,mode,cardinality
COL_0000,Integer,523776,0,1023,1,4,511.5,295.60319687039924,511.5,N/A,1024
COL_0001,Unicode,,TIME_162913,TIME_163040,11,11,,,,TIME_163040,88
COL_0002,Integer,15383946,1,100100,6,6,15023.38476562499,33612.43610920972,1,000001,4
COL_0003,Integer,3928323072,3,7672503,1,7,3836253,2217023.976527994,3836253,N/A,1024
COL_0004,Unicode,,2020-08-22 16:29:17,2020-08-22 16:47:47,19,19,,,,N/A,1024
COL_0005,Unicode,,TIME_162913,TIME_163040,11,11,,,,TIME_163040,88
COL_0006,Unicode,,PAT001,PAT005,6,6,,,,PAT003,5
COL_0007,Unicode,,2020-08-22 16:29:20,2020-08-22 16:47:50,19,19,,,,N/A,1024
COL_0008,Float,517.1452393876002,0.0002350646908645393,0.99958146975124,16,21,0.5050246478394527,0.2905493036725701,0.5049160590417634,N/A,1024
COL_0009,Unicode,,TIME_162913,TIME_163040,11,11,,,,TIME_163040,88
COL_0010,Integer,3928330240,10,7672510,2,7,3836260,2217023.976527994,3836260,N/A,1024
COL_0011,Unicode,,FIXED,FIXED,5,5,,,,FIXED,1
COL_0012,Unicode,,2020-08-22 16:29:25,2020-08-22 16:47:55,19,19,,,,N/A,1024
COL_0013,Unicode,,TIME_162913,TIME_163040,11,11,,,,TIME_163040,88
COL_0014,Unicode,,file_0_14.txt,file_9_14.txt,13,16,,,,N/A,1024
COL_0015,Unicode,,2020-08-22 16:29:28,2020-08-22 16:47:58,19,19,,,,N/A,1024
COL_0016,Integer,3928336384,16,7672516,2,7,3836266,2217023.976527994,3836266,N/A,1024
COL_0017,Unicode,,file_0_17.txt,file_9_17.txt,13,16,,,,N/A,1024
COL_0018,Unicode,,TIME_162913,TIME_163040,11,11,,,,TIME_163040,88
COL_0019,Unicode,,FIXED,FIXED,5,5,,,,FIXED,1
COL_0020,Integer,14687271,1,100100,6,6,14343.038085937496,32885.545372441156,1,000001,4
COL_0021,Unicode,,file_0_21.txt,file_9_21.txt,13,16,,,,N/A,1024
COL_0022,Unicode,,FIXED,FIXED,5,5,,,,FIXED,1
COL_0023,Unicode,,cycle0000,cycle0099,9,9,,,,cycle0038,100
COL_0024,Unicode,,2020-08-22 16:29:37,2020-08-22 16:48:07,19,19,,,,N/A,1024
COL_0025,Integer,15042613,1,100100,6,6,14690.051757812504,33184.84389368587,1,000001,4
COL_0026,Integer,14574172,1,100100,6,6,14232.589843750004,32917.10677625352,1,000001,4
COL_0027,Unicode,,cycle0000,cycle0099,9,9,,,,cycle0099,100
COL_0028,Unicode,,PAT001,PAT005,6,6,,,,PAT005,5
COL_0029,Integer,3928349696,29,7672529,2,7,3836279,2217023.976527994,3836279,N/A,1024
COL_0030,Unicode,,FIXED,FIXED,5,5,,,,FIXED,1
COL_0031,Unicode,,0000001f,03ff001f,8,8,,,,N/A,1024
COL_0032,Integer,16097684,1,100100,6,6,15720.394531250005,34438.85806808638,1,000001,4
COL_0033,Float,507.4909273716549,0.0022879651276971336,0.9987837908382696,15,21,0.4955966087613818,0.29355161403517155,0.4885987378291579,N/A,1024
COL_0034,Unicode,,TIME_162913,TIME_163040,11,11,,,,TIME_163040,88
COL_0035,Unicode,,2020-08-22 16:29:48,2020-08-22 16:48:18,19,19,,,,N/A,1024
COL_0036,Unicode,,FIXED,FIXED,5,5,,,,FIXED,1
COL_0037,Integer,17400935,1,100100,6,6,16993.10058593749,35532.21845055838,1,000001,4
COL_0038,Unicode,,file_0_38.txt,file_9_38.txt,13,16,,,,N/A,1024
COL_0039,Unicode,,FIXED,FIXED,5,5,,,,FIXED,1
COL_0040,Unicode,,00000028,03ff0028,8,8,,,45028,N/A,1024
COL_0041,Integer,16506089,1,100100,6,6,16119.227539062505,34946.97976080804,1,000001,4
COL_0042,Unicode,,file_0_42.txt,file_9_42.txt,13,16,,,,N/A,1024
COL_0043,Unicode,,0000002b,03ff002b,8,8,,,,N/A,1024
COL_0044,Unicode,,TIME_162913,TIME_163040,11,11,,,,TIME_163040,88
COL_0045,Unicode,,FIXED,FIXED,5,5,,,,FIXED,1
COL_0046,Integer,14786361,1,100100,6,6,14439.805664062496,32990.452700103124,1,000001,4
COL_0047,Integer,16034612,1,100100,6,6,15658.800781249996,34329.03939694998,1,000001,4
COL_0048,Unicode,,TIME_162913,TIME_163040,11,11,,,,TIME_163040,88
COL_0049,Unicode,,FIXED,FIXED,5,5,,,,FIXED,1
COL_0050,Unicode,,file_0_50.txt,file_9_50.txt,13,16,,,,N/A,1024
COL_0051,Unicode,,00000033,03ff0033,8,8,,,45033,N/A,1024
COL_0052,Unicode,,FIXED,FIXED,5,5,,,,FIXED,1
COL_0053,Integer,3928374272,53,7672553,2,7,3836303,2217023.976527994,3836303,N/A,1024
COL_0054,Unicode,,TIME_162913,TIME_163040,11,11,,,,TIME_163040,88
COL_0055,Unicode,,PAT001,PAT005,6,6,,,,PAT005,5
COL_0056,Integer,3928377344,56,7672556,2,7,3836306,2217023.976527994,3836306,N/A,1024
COL_0057,Unicode,,PAT001,PAT005,6,6,,,,PAT001,5
COL_0058,Unicode,,FIXED,FIXED,5,5,,,,FIXED,1
COL_0059,Integer,16678242,1,100100,6,6,16287.345703125004,34892.81725574189,1,000001,4
COL_0060,Integer,3928381440,60,7672560,2,7,3836310,2217023.976527994,3836310,N/A,1024
COL_0061,Unicode,,TIME_162913,TIME_163040,11,11,,,,TIME_163040,88
COL_0062,Unicode,,0000003e,03ff003e,8,8,,,,N/A,1024
COL_0063,Unicode,,0000003f,03ff003f,8,8,,,,N/A,1024
COL_0064,Unicode,,cycle0000,cycle0099,9,9,,,,cycle0096,100
COL_0065,Unicode,,cycle0000,cycle0099,9,9,,,,cycle0039,100
COL_0066,Unicode,,FIXED,FIXED,5,5,,,,FIXED,1
COL_0067,Unicode,,cycle0000,cycle0099,9,9,,,,cycle0087,100
COL_0068,Unicode,,cycle0000,cycle0099,9,9,,,,cycle0098,100
COL_0069,Unicode,,PAT001,PAT005,6,6,,,,PAT002,5
COL_0070,Unicode,,TIME_162913,TIME_163040,11,11,,,,TIME_163040,88
COL_0071,Unicode,,cycle0000,cycle0099,9,9,,,,cycle0093,100
COL_0072,Unicode,,TIME_162913,TIME_163040,11,11,,,,TIME_163040,88
COL_0073,Unicode,,cycle0000,cycle0099,9,9,,,,cycle0089,100
COL_0074,Unicode,,0000004a,03ff004a,8,8,,,,N/A,1024
COL_0075,Integer,16239810,1,100100,6,6,15859.189453125011,34647.668106835896,1,000001,4
COL_0076,Unicode,,cycle0000,cycle0099,9,9,,,,cycle0042,100
COL_0077,Integer,14508091,1,100100,6,6,14168.057617187502,32666.103672435154,1,000001,4
COL_0078,Integer,3928399872,78,7672578,2,7,3836328,2217023.976527994,3836328,N/A,1024
COL_0079,Integer,3928400896,79,7672579,2,7,3836329,2217023.976527994,3836329,N/A,1024
COL_0080,Unicode,,00000050,03ff0050,8,8,,,45050,N/A,1024
COL_0081,Integer,3928402944,81,7672581,2,7,3836331,2217023.976527994,3836331,N/A,1024
COL_0082,Unicode,,PAT001,PAT005,6,6,,,,PAT001,5
COL_0083,Unicode,,FIXED,FIXED,5,5,,,,FIXED,1
COL_0084,Unicode,,2020-08-22 16:30:37,2020-08-22 16:49:07,19,19,,,,N/A,1024
COL_0085,Unicode,,file_0_85.txt,file_9_85.txt,13,16,,,,N/A,1024
COL_0086,Unicode,,2020-08-22 16:30:39,2020-08-22 16:49:09,19,19,,,,N/A,1024
COL_0087,Unicode,,PAT001,PAT005,6,6,,,,PAT005,5
COL_0088,Unicode,,FIXED,FIXED,5,5,,,,FIXED,1
COL_0089,Integer,19034591,1,100100,6,6,18588.467773437522,37155.19543718648,1,000001,4
COL_0090,Unicode,,TIME_162913,TIME_163040,11,11,,,,TIME_163040,88
COL_0091,Integer,14372965,1,100100,6,6,14036.098632812507,32702.157272904733,1,000001,4
COL_0092,Unicode,,file_0_92.txt,file_9_92.txt,13,16,,,,N/A,1024
COL_0093,Unicode,,PAT001,PAT005,6,6,,,,PAT005,5
COL_0094,Unicode,,0000005e,03ff005e,8,8,,,,N/A,1024
COL_0095,Unicode,,PAT001,PAT005,6,6,,,,PAT001,5
COL_0096,Unicode,,cycle0000,cycle0099,9,9,,,,cycle0034,100
COL_0097,Float,514.4750113976163,0.0005840288874976451,0.9987471221382588,15,21,0.5024170033179856,0.2883647764435001,0.5113870198470968,N/A,1024
COL_0098,Unicode,,FIXED,FIXED,5,5,,,,FIXED,1
COL_0099,Integer,3928421376,99,7672599,2,7,3836349,2217023.976527994,3836349,N/A,1024
COL_0100,Unicode,,PAT001,PAT005,6,6,,,,PAT001,5
COL_0101,Unicode,,FIXED,FIXED,5,5,,,,FIXED,1
COL_0102,Unicode,,00000066,03ff0066,8,8,,,45066,N/A,1024
COL_0103,Unicode,,00000067,03ff0067,8,8,,,45067,N/A,1024
COL_0104,Unicode,,2020-08-22 16:30:57,2020-08-22 16:49:27,19,19,,,,N/A,1024
COL_0105,Unicode,,cycle0000,cycle0099,9,9,,,,cycle0039,100
COL_0106,Unicode,,FIXED,FIXED,5,5,,,,FIXED,1
COL_0107,Float,493.88584555693086,0.0003543013803725126,0.9987314616921917,16,21,0.4823103960516901,0.2896614314051687,0.4699515255888422,N/A,1024
COL_0108,Integer,17322881,1,100100,6,6,16916.875976562504,35437.26875168774,1,000001,4
COL_0109,Unicode,,file_0_109.txt,file_9_109.txt,14,17,,,,N/A,1024
COL_0110,Float,507.4215811651919,0.0018583921414598858,0.9994002917422037,16,21,0.49552888785663235,0.29597342397995285,0.47962759706930835,N/A,1024
COL_0111,Unicode,,cycle0000,cycle0099,9,9,,,,cycle0033,100
COL_0112,Unicode,,TIME_162913,TIME_163040,11,11,,,,TIME_163040,88
COL_0113,Unicode,,cycle0000,cycle0099,9,9,,,,cycle0013,100
COL_0114,Unicode,,2020-08-22 16:31:07,2020-08-22 16:49:37,19,19,,,,N/A,1024
COL_0115,Unicode,,PAT001,PAT005,6,6,,,,PAT001,5
COL_0116,Unicode,,cycle0000,cycle0099,9,9,,,,cycle0099,100
COL_0117,Unicode,,PAT001,PAT005,6,6,,,,PAT005,5
COL_0118,Unicode,,PAT001,PAT005,6,6,,,,PAT005,5
COL_0119,Integer,3928441856,119,7672619,3,7,3836369,2217023.976527994,3836369,N/A,1024
COL_0120,Unicode,,00000078,03ff0078,8,8,,,45078,N/A,1024
COL_0121,Unicode,,PAT001,PAT005,6,6,,,,PAT004,5
COL_0122,Integer,18283862,1,100100,6,6,17855.333984375015,36702.15197329012,1,000001,4
COL_0123,Float,512.422514155225,0.0015769825689717631,0.998940990814632,15,21,0.5004126114797129,0.2933247033845416,0.5073978014117446,N/A,1024
COL_0124,Unicode,,FIXED,FIXED,5,5,,,,FIXED,1
COL_0125,Float,518.3474688788714,0.0004710972954251602,0.9999942282880139,15,21,0.5061987000770221,0.29436358503898086,0.5147513985287431,N/A,1024
COL_0126,Unicode,,cycle0000,cycle0099,9,9,,,,cycle0041,100
COL_0127,Integer,3928450048,127,7672627,3,7,3836377,2217023.976527994,3836377,N/A,1024
COL_0128,Unicode,,TIME_162913,TIME_163040,11,11,,,,TIME_163040,88
COL_0129,Unicode,,TIME_162913,TIME_163040,11,11,,,,TIME_163040,88
COL_0130,Integer,3928453120,130,7672630,3,7,3836380,2217023.976527994,3836380,N/A,1024
COL_0131,Unicode,,PAT001,PAT005,6,6,,,,PAT003,5
COL_0132,Integer,16040603,1,100100,6,6,15664.651367187493,34325.17283218706,1,000001,4
COL_0133,Unicode,,FIXED,FIXED,5,5,,,,FIXED,1
COL_0134,Unicode,,cycle0000,cycle0099,9,9,,,,cycle0073,100
COL_0135,Unicode,,FIXED,FIXED,5,5,,,,FIXED,1
COL_0136,Unicode,,2020-08-22 16:31:29,2020-08-22 16:49:59,19,19,,,,N/A,1024
COL_0137,Unicode,,2020-08-22 16:31:30,2020-08-22 16:50:00,19,19,,,,N/A,1024
COL_0138,Unicode,,file_0_138.txt,file_9_138.txt,14,17,,,,N/A,1024
COL_0139,Float,506.4082090316967,0.0027164014765607147,0.9985213694530803,16,21,0.4945392666325161,0.2893376391392208,0.49552872229564243,N/A,1024
COL_0140,Unicode,,2020-08-22 16:31:33,2020-08-22 16:50:03,19,19,,,,N/A,1024
COL_0141,Unicode,,2020-08-22 16:31:34,2020-08-22 16:50:04,19,19,,,,N/A,1024
COL_0142,Unicode,,TIME_162913,TIME_163040,11,11,,,,TIME_163040,88
COL_0143,Integer,16844413,1,100100,6,6,16449.622070312533,35216.29886499678,1,000001,4
COL_0144,Integer,15606171,1,100100,6,6,15240.401367187475,33809.52788875621,1,000001,4
COL_0145,Float,509.73803624008644,0.00044377768902337245,0.9985983572539702,16,22,0.4977910510157099,0.29033624807308095,0.5006299779877397,N/A,1024
COL_0146,Integer,17872430,1,100100,6,6,17453.544921874985,36115.008254770226,1,000001,4
COL_0147,Unicode,,2020-08-22 16:31:40,2020-08-22 16:50:10,19,19,,,,N/A,1024
COL_0148,Unicode,,PAT001,PAT005,6,6,,,,PAT004,5
COL_0149,Unicode,,2020-08-22 16:31:42,2020-08-22 16:50:12,19,19,,,,N/A,1024
COL_0150,Unicode,,FIXED,FIXED,5,5,,,,FIXED,1
COL_0151,Unicode,,00000097,03ff0097,8,8,,,45097,N/A,1024
COL_0152,Unicode,,cycle0000,cycle0099,9,9,,,,cycle0088,100
COL_0153,Unicode,,file_0_153.txt,file_9_153.txt,14,17,,,,N/A,1024
COL_0154,Unicode,,0000009a,03ff009a,8,8,,,,N/A,1024
COL_0155,Unicode,,PAT001,PAT005,6,6,,,,PAT002,5
COL_0156,Unicode,,cycle0000,cycle0099,9,9,,,,cycle0034,100
COL_0157,Float,519.8058150651102,0.0004581651691063504,0.9995530133293877,15,21,0.5076228662745215,0.292910733462831,0.5229561721118794,N/A,1024
COL_0158,Integer,3928481792,158,7672658,3,7,3836408,2217023.976527994,3836408,N/A,1024
COL_0159,Float,515.3239706283235,0.000026733015879409905,0.9998188650806568,16,22,0.5032460650667211,0.28360778860058666,0.5020012513626353,N/A,1024
COL_0160,Unicode,,cycle0000,cycle0099,9,9,,,,cycle0099,100
COL_0161,Integer,14358929,1,100100,6,6,14022.391601562524,32434.743067179574,1,000001,4
COL_0162,Unicode,,2020-08-22 16:31:55,2020-08-22 16:50:25,19,19,,,,N/A,1024
COL_0163,Integer,3928486912,163,7672663,3,7,3836413,2217023.976527994,3836413,N/A,1024
COL_0164,Unicode,,000000a4,03ff00a4,8,8,,,,N/A,1024
COL_0165,Integer,3928488960,165,7672665,3,7,3836415,2217023.976527994,3836415,N/A,1024
COL_0166,Unicode,,file_0_166.txt,file_9_166.txt,14,17,,,,N/A,1024
COL_0167,Float,517.5413779232106,0.00018837830486551077,0.9993273730614937,15,22,0.5054115018781362,0.2845332009700483,0.5137301824215288,N/A,1024
COL_0168,Integer,3928492032,168,7672668,3,7,3836418,2217023.976527994,3836418,N/A,1024
COL_0169,Integer,15072658,1,100100,6,6,14719.392578124995,33570.76710129977,1,000001,4
COL_0170,Integer,3928494080,170,7672670,3,7,3836420,2217023.976527994,3836420,N/A,1024
COL_0171,Unicode,,FIXED,FIXED,5,5,,,,FIXED,1
COL_0172,Unicode,,file_0_172.txt,file_9_172.txt,14,17,,,,N/A,1024
COL_0173,Unicode,,cycle0000,cycle0099,9,9,,,,cycle0099,100
COL_0174,Integer,14805397,1,100100,6,6,14458.395507812516,33119.81577608512,1,000001,4
COL_0175,Unicode,,000000af,03ff00af,8,8,,,,N/A,1024
COL_0176,Integer,3928500224,176,7672676,3,7,3836426,2217023.976527994,3836426,N/A,1024
COL_0177,Unicode,,cycle0000,cycle0099,9,9,,,,cycle0002,100
COL_0178,Unicode,,file_0_178.txt,file_9_178.txt,14,17,,,,N/A,1024
COL_0179,Integer,17128674,1,100100,6,6,16727.22070312499,35125.62720545059,1,000001,4
COL_0180,Unicode,,2020-08-22 16:32:13,2020-08-22 16:50:43,19,19,,,,N/A,1024
COL_0181,Unicode,,file_0_181.txt,file_9_181.txt,14,17,,,,N/A,1024
COL_0182,Float,500.65143478681256,0.00024268006674066367,0.9971363726386262,16,22,0.4889174167839968,0.29182699859042616,0.4767623863540995,N/A,1024
COL_0183,Unicode,,cycle0000,cycle0099,9,9,,,,cycle0097,100
COL_0184,Unicode,,TIME_162913,TIME_163040,11,11,,,,TIME_163040,88
COL_0185,Unicode,,file_0_185.txt,file_9_185.txt,14,17,,,,N/A,1024
COL_0186,Integer,16203774,1,100100,6,6,15823.998046875015,34405.68590727406,1,000001,4
COL_0187,Float,521.5846464384176,0.0016615458453778098,0.9996912088278259,15,21,0.509360006287517,0.29028732931466134,0.5036198493113664,N/A,1024
COL_0188,Unicode,,000000bc,03ff00bc,8,8,,,,N/A,1024
COL_0189,Integer,3928513536,189,7672689,3,7,3836439,2217023.976527994,3836439,N/A,1024
COL_0190,Unicode,,cycle0000,cycle0099,9,9,,,,cycle0004,100
COL_0191,Unicode,,FIXED,FIXED,5,5,,,,FIXED,1
COL_0192,Unicode,,2020-08-22 16:32:25,2020-08-22 16:50:55,19,19,,,,N/A,1024
COL_0193,Unicode,,2020-08-22 16:32:26,2020-08-22 16:50:56,19,19,,,,N/A,1024
COL_0194,Unicode,,cycle0000,cycle0099,9,9,,,,cycle0020,100
COL_0195,Unicode,,000000c3,03ff00c3,8,8,,,,N/A,1024
COL_0196,Unicode,,PAT001,PAT005,6,6,,,,PAT001,5
COL_0197,Integer,3928521728,197,7672697,3,7,3836447,2217023.976527994,3836447,N/A,1024
COL_0198,Integer,3928522752,198,7672698,3,7,3836448,2217023.976527994,3836448,N/A,1024
COL_0199,Integer,3928523776,199,7672699,3,7,3836449,2217023.976527994,3836449,N/A,1024
COL_0200,Unicode,,FIXED,FIXED,5,5,,,,FIXED,1
COL_0201,Unicode,,TIME_162913,TIME_163040,11,11,,,,TIME_163040,88
COL_0202,Unicode,,FIXED,FIXED,5,5,,,,FIXED,1
COL_0203,Unicode,,cycle0000,cycle0099,9,9,,,,cycle0075,100
COL_0204,Integer,17252818,1,100100,6,6,16848.455078125004,35460.19330533726,1,000001,4
COL_0205,Unicode,,000000cd,03ff00cd,8,8,,,,N/A,1024
COL_0206,Unicode,,TIME_162913,TIME_163040,11,11,,,,TIME_163040,88
COL_0207,Unicode,,2020-08-22 16:32:40,2020-08-22 16:51:10,19,19,,,,N/A,1024
COL_0208,Integer,14837406,1,100100,6,6,14489.65429687501,33107.95516280235,1,000001,4
COL_0209,Unicode,,2020-08-22 16:32:42,2020-08-22 16:51:12,19,19,,,,N/A,1024
COL_0210,Unicode,,FIXED,FIXED,5,5,,,,FIXED,1
COL_0211,Unicode,,FIXED,FIXED,5,5,,,,FIXED,1
COL_0212,Unicode,,cycle0000,cycle0099,9,9,,,,cycle0069,100
COL_0213,Integer,16638224,1,100100,6,6,16248.265624999996,35032.6062342528,1,000001,4
COL_0214,Integer,3928539136,214,7672714,3,7,3836464,2217023.976527994,3836464,N/A,1024
COL_0215,Unicode,,TIME_162913,TIME_163040,11,11,,,,TIME_163040,88
COL_0216,Integer,15824378,1,100100,6,6,15453.494140625005,34003.228384268165,1,000001,4
COL_0217,Unicode,,TIME_162913,TIME_163040,11,11,,,,TIME_163040,88
COL_0218,Unicode,,cycle0000,cycle0099,9,9,,,,cycle0098,100
COL_0219,Unicode,,2020-08-22 16:32:52,2020-08-22 16:51:22,19,19,,,,N/A,1024
COL_0220,Unicode,,TIME_162913,TIME_163040,11,11,,,,TIME_163040,88
COL_0221,Unicode,,file_0_221.txt,file_9_221.txt,14,17,,,,N/A,1024
COL_0222,Unicode,,cycle0000,cycle0099,9,9,,,,cycle0093,100
COL_0223,Unicode,,FIXED,FIXED,5,5,,,,FIXED,1
COL_0224,Integer,3928549376,224,7672724,3,7,3836474,2217023.976527994,3836474,N/A,1024
COL_0225,Unicode,,cycle0000,cycle0099,9,9,,,,N/A,100
COL_0226,Integer,16674224,1,100100,6,6,16283.421875000002,34892.06859829489,1,000001,4
COL_0227,Unicode,,2020-08-22 16:33:00,2020-08-22 16:51:30,19,19,,,,N/A,1024
COL_0228,Unicode,,cycle0000,cycle0099,9,9,,,,N/A,100
COL_0229,Unicode,,FIXED,FIXED,5,5,,,,FIXED,1
COL_0230,Unicode,,PAT001,PAT005,6,6,,,,PAT004,5
COL_0231,Integer,18126673,1,100100,6,6,17701.82910156254,36391.58399065258,1,000001,4
COL_0232,Unicode,,2020-08-22 16:33:05,2020-08-22 16:51:35,19,19,,,,N/A,1024
COL_0233,Integer,3928558592,233,7672733,3,7,3836483,2217023.976527994,3836483,N/A,1024
COL_0234,Unicode,,FIXED,FIXED,5,5,,,,FIXED,1
COL_0235,Integer,16705260,1,100100,6,6,16313.730468750025,34883.39257033946,1,000001,4
COL_0236,Unicode,,cycle0000,cycle0099,9,9,,,,cycle0089,100
COL_0237,Unicode,,PAT001,PAT005,6,6,,,,PAT003,5
COL_0238,Unicode,,2020-08-22 16:33:11,2020-08-22 16:51:41,19,19,,,,N/A,1024
COL_0239,Unicode,,2020-08-22 16:33:12,2020-08-22 16:51:42,19,19,,,,N/A,1024
COL_0240,Integer,17994556,1,100100,6,6,17572.80859374999,36196.5100883586,1,000001,4
COL_0241,Unicode,,PAT001,PAT005,6,6,,,,PAT002,5
COL_0242,Integer,15576117,1,100100,6,6,15211.051757812498,33555.67007211347,1,000001,4
COL_0243,Unicode,,2020-08-22 16:33:16,2020-08-22 16:51:46,19,19,,,,N/A,1024
COL_0244,Unicode,,PAT001,PAT005,6,6,,,,PAT002,5
COL_0245,Unicode,,TIME_162913,TIME_163040,11,11,,,,TIME_163040,88
COL_0246,Unicode,,cycle0000,cycle0099,9,9,,,,cycle0099,100
COL_0247,Unicode,,file_0_247.txt,file_9_247.txt,14,17,,,,N/A,1024
COL_0248,Unicode,,TIME_162913,TIME_163040,11,11,,,,TIME_163040,88
COL_0249,Integer,17045611,1,100100,6,6,16646.104492187533,35278.005964978496,1,000001,4
COL_0250,Unicode,,FIXED,FIXED,5,5,,,,FIXED,1
COL_0251,Unicode,,TIME_162913,TIME_163040,11,11,,,,TIME_163040,88
COL_0252,Integer,3928578048,252,7672752,3,7,3836502,2217023.976527994,3836502,N/A,1024
COL_0253,Integer,18017574,1,100100,6,6,17595.287109375004,36188.33313173065,1,000001,4
COL_0254,Integer,3928580096,254,7672754,3,7,3836504,2217023.976527994,3836504,N/A,1024
COL_0255,Unicode,,000000ff,03ff00ff,8,8,,,,N/A,1024
COL_0256,Unicode,,file_0_256.txt,file_9_256.txt,14,17,,,,N/A,1024
COL_0257,Unicode,,00000101,03ff0101,8,8,,,45101,N/A,1024
COL_0258,Unicode,,PAT001,PAT005,6,6,,,,PAT002,5
COL_0259,Unicode,,FIXED,FIXED,5,5,,,,FIXED,1
COL_0260,Float,512.81534570007,0.0016948803637173437,0.9982149345951519,15,21,0.5007962360352242,0.29131673330126523,0.5016490092474042,N/A,1024
COL_0261,Unicode,,2020-08-22 16:33:34,2020-08-22 16:52:04,19,19,,,,N/A,1024
COL_0262,Float,510.9062479427396,0.000006924249590700704,0.9992218111436381,16,22,0.49893188275658223,0.28976261952313476,0.5026323810688478,N/A,1024
COL_0263,Unicode,,cycle0000,cycle0099,9,9,,,,cycle0095,100
COL_0264,Unicode,,cycle0000,cycle0099,9,9,,,,cycle0014,100
COL_0265,Unicode,,TIME_162913,TIME_163040,11,11,,,,TIME_163040,88
COL_0266,Unicode,,TIME_162913,TIME_163040,11,11,,,,TIME_163040,88
COL_0267,Unicode,,file_0_267.txt,file_9_267.txt,14,17,,,,N/A,1024
COL_0268,Unicode,,file_0_268.txt,file_9_268.txt,14,17,,,,N/A,1024
COL_0269,Unicode,,cycle0000,cycle0099,9,9,,,,cycle0096,100
COL_0270,Integer,14096677,1,100100,6,6,13766.286132812505,32233.057427979646,1,000001,4
COL_0271,Unicode,,2020-08-22 16:33:44,2020-08-22 16:52:14,19,19,,,,N/A,1024
COL_0272,Unicode,,cycle0000,cycle0099,9,9,,,,cycle0013,100
COL_0273,Unicode,,00000111,03ff0111,8,8,,,45111,N/A,1024
COL_0274,Unicode,,file_0_274.txt,file_9_274.txt,14,17,,,,N/A,1024
COL_0275,Unicode,,TIME_162913,TIME_163040,11,11,,,,TIME_163040,88
COL_0276,Unicode,,2020-08-22 16:33:49,2020-08-22 16:52:19,19,19,,,,N/A,1024
COL_0277,Unicode,,file_0_277.txt,file_9_277.txt,14,17,,,,N/A,1024
COL_0278,Unicode,,file_0_278.txt,file_9_278.txt,14,17,,,,N/A,1024
COL_0279,Unicode,,TIME_162913,TIME_163040,11,11,,,,TIME_163040,88
COL_0280,Integer,15774324,1,100100,6,6,15404.613281249998,34144.82639410049,1,000001,4
COL_0281,Unicode,,file_0_281.txt,file_9_281.txt,14,17,,,,N/A,1024
COL_0282,Unicode,,FIXED,FIXED,5,5,,,,FIXED,1
COL_0283,Integer,17205764,1,100100,6,6,16802.50390625001,35473.8949228864,1,000001,4
COL_0284,Unicode,,cycle0000,cycle0099,9,9,,,,cycle0080,100
COL_0285,Unicode,,PAT001,PAT005,6,6,,,,PAT004,5
COL_0286,Unicode,,PAT001,PAT005,6,6,,,,PAT005,5
COL_0287,Unicode,,cycle0000,cycle0099,9,9,,,,cycle0097,100
COL_0288,Unicode,,PAT001,PAT005,6,6,,,,PAT005,5
COL_0289,Integer,15375946,1,100100,6,6,15015.572265625005,33745.24107696418,1,000001,4
COL_0290,Float,525.0681233240542,0.008242201248381154,0.9974994724126567,16,20,0.5127618391836472,0.2901664733816729,0.49807880019314643,N/A,1024
COL_0291,Float,496.62652303287973,0.00010681034912840559,0.9992635571846783,15,22,0.4849868388992975,0.28762198546885615,0.48751647341696724,N/A,1024
COL_0292,Unicode,,TIME_162913,TIME_163040,11,11,,,,TIME_163040,88
COL_0293,Integer,3928620032,293,7672793,3,7,3836543,2217023.976527994,3836543,N/A,1024
COL_0294,Unicode,,FIXED,FIXED,5,5,,,,FIXED,1
COL_0295,Unicode,,file_0_295.txt,file_9_295.txt,14,17,,,,N/A,1024
COL_0296,Unicode,,PAT001,PAT005,6,6,,,,PAT001,5
COL_0297,Unicode,,FIXED,FIXED,5,5,,,,FIXED,1
COL_0298,Unicode,,TIME_162913,TIME_163040,11,11,,,,TIME_163040,88
COL_0299,Unicode,,0000012b,03ff012b,8,8,,,,N/A,1024
COL_0300,Unicode,,cycle0000,cycle0099,9,9,,,,cycle0024,100
COL_0301,Unicode,,0000012d,03ff012d,8,8,,,,N/A,1024
COL_0302,Unicode,,FIXED,FIXED,5,5,,,,FIXED,1
COL_0303,Unicode,,FIXED,FIXED,5,5,,,,FIXED,1
COL_0304,Unicode,,cycle0000,cycle0099,9,9,,,,cycle0053,100
COL_0305,Unicode,,FIXED,FIXED,5,5,,,,FIXED,1
COL_0306,Unicode,,2020-08-22 16:34:19,2020-08-22 16:52:49,19,19,,,,N/A,1024
COL_0307,Unicode,,cycle0000,cycle0099,9,9,,,,cycle0003,100
COL_0308,Integer,3928635392,308,7672808,3,7,3836558,2217023.976527994,3836558,N/A,1024
COL_0309,Float,509.0709596311457,0.000011065866985404682,0.9996786729147349,16,22,0.4971396090147901,0.2984348738828903,0.5081138575332723,N/A,1024
COL_0310,Unicode,,PAT001,PAT005,6,6,,,,PAT004,5
COL_0311,Unicode,,TIME_162913,TIME_163040,11,11,,,,TIME_163040,88
COL_0312,Unicode,,file_0_312.txt,file_9_312.txt,14,17,,,,N/A,1024
COL_0313,Unicode,,file_0_313.txt,file_9_313.txt,14,17,,,,N/A,1024
COL_0314,Unicode,,2020-08-22 16:34:27,2020-08-22 16:52:57,19,19,,,,N/A,1024
COL_0315,Unicode,,cycle0000,cycle0099,9,9,,,,cycle0024,100
COL_0316,Unicode,,FIXED,FIXED,5,5,,,,FIXED,1
COL_0317,Integer,15790360,1,100100,6,6,15420.273437499987,34015.22874070754,1,000001,4
COL_0318,Unicode,,2020-08-22 16:34:31,2020-08-22 16:53:01,19,19,,,,N/A,1024
COL_0319,Integer,15368964,1,100100,6,6,15008.753906250004,33750.78214478519,1,000001,4
COL_0320,Unicode,,file_0_320.txt,file_9_320.txt,14,17,,,,N/A,1024
COL_0321,Integer,15403946,1,100100,6,6,15042.916015625,33603.990820601466,1,000001,4
COL_0322,Unicode,,PAT001,PAT005,6,6,,,,PAT002,5
COL_0323,Unicode,,TIME_162913,TIME_163040,11,11,,,,TIME_163040,88
COL_0324,Unicode,,PAT001,PAT005,6,6,,,,PAT001,5
COL_0325,Unicode,,TIME_162913,TIME_163040,11,11,,,,TIME_163040,88
COL_0326,Unicode,,FIXED,FIXED,5,5,,,,FIXED,1
COL_0327,Unicode,,00000147,03ff0147,8,8,,,45147,N/A,1024
COL_0328,Unicode,,file_0_328.txt,file_9_328.txt,14,17,,,,N/A,1024
COL_0329,Unicode,,TIME_162913,TIME_163040,11,11,,,,TIME_163040,88
COL_0330,Unicode,,TIME_162913,TIME_163040,11,11,,,,TIME_163040,88
COL_0331,Unicode,,TIME_162913,TIME_163040,11,11,,,,TIME_163040,88
COL_0332,Unicode,,cycle0000,cycle0099,9,9,,,,cycle0041,100
COL_0333,Unicode,,FIXED,FIXED,5,5,,,,FIXED,1
COL_0334,Unicode,,cycle0000,cycle0099,9,9,,,,cycle0066,100
COL_0335,Unicode,,PAT001,PAT005,6,6,,,,PAT001,5
COL_0336,Integer,17355899,1,100100,6,6,16949.12011718753,35301.52798025112,1,000001,4
COL_0337,Unicode,,PAT001,PAT005,6,6,,,,PAT004,5
COL_0338,Float,512.0430515732294,0.0013983746510248807,0.9990075986399644,16,21,0.5000420425519824,0.2953573403715745,0.5074452663107036,N/A,1024
COL_0339,Unicode,,file_0_339.txt,file_9_339.txt,14,17,,,,N/A,1024
COL_0340,Unicode,,00000154,03ff0154,8,8,,,45154,N/A,1024
COL_0341,Float,502.42439368710296,0.0035327600766345,0.9986796997364409,16,21,0.4906488219600609,0.2861290680245478,0.48113189735842427,N/A,1024
COL_0342,Unicode,,cycle0000,cycle0099,9,9,,,,cycle0097,100
COL_0343,Unicode,,TIME_162913,TIME_163040,11,11,,,,TIME_163040,88
COL_0344,Unicode,,00000158,03ff0158,8,8,,,45158,N/A,1024
COL_0345,Integer,3928673280,345,7672845,3,7,3836595,2217023.976527994,3836595,N/A,1024
COL_0346,Unicode,,file_0_346.txt,file_9_346.txt,14,17,,,,N/A,1024
COL_0347,Integer,3928675328,347,7672847,3,7,3836597,2217023.976527994,3836597,N/A,1024
COL_0348,Unicode,,2020-08-22 16:35:01,2020-08-22 16:53:31,19,19,,,,N/A,1024
COL_0349,Integer,3928677376,349,7672849,3,7,3836599,2217023.976527994,3836599,N/A,1024
COL_0350,Unicode,,PAT001,PAT005,6,6,,,,PAT004,5
COL_0351,Integer,3928679424,351,7672851,3,7,3836601,2217023.976527994,3836601,N/A,1024
COL_0352,Unicode,,2020-08-22 16:35:05,2020-08-22 16:53:35,19,19,,,,N/A,1024
COL_0353,Unicode,,cycle0000,cycle0099,9,9,,,,cycle0082,100
COL_0354,Integer,17080638,1,100100,6,6,16680.310546874993,35266.07700390496,1,000001,4
COL_0355,Unicode,,00000163,03ff0163,8,8,,,45163,N/A,1024
COL_0356,Float,544.1554393874559,0.00028172898861578144,0.9996561198411743,15,22,0.5314017962768125,0.2887507237798075,0.5473101058273921,N/A,1024
COL_0357,Unicode,,PAT001,PAT005,6,6,,,,PAT005,5
COL_0358,Unicode,,2020-08-22 16:35:11,2020-08-22 16:53:41,19,19,,,,N/A,1024
COL_0359,Unicode,,2020-08-22 16:35:12,2020-08-22 16:53:42,19,19,,,,N/A,1024
COL_0360,Unicode,,2020-08-22 16:35:13,2020-08-22 16:53:43,19,19,,,,N/A,1024
COL_0361,Unicode,,PAT001,PAT005,6,6,,,,PAT003,5
COL_0362,Float,506.32414971275244,0.0011553021858843326,0.9987498079392354,15,21,0.4944571774538594,0.2945575779822456,0.4753244890064415,N/A,1024
COL_0363,Unicode,,file_0_363.txt,file_9_363.txt,14,17,,,,N/A,1024
COL_0364,Unicode,,FIXED,FIXED,5,5,,,,FIXED,1
COL_0365,Integer,3928693760,365,7672865,3,7,3836615,2217023.976527994,3836615,N/A,1024
COL_0366,Unicode,,TIME_162913,TIME_163040,11,11,,,,TIME_163040,88
COL_0367,Unicode,,2020-08-22 16:35:20,2020-08-22 16:53:50,19,19,,,,N/A,1024
COL_0368,Float,521.158187066981,0.000493115389242349,0.9996670540110039,16,21,0.5089435420575978,0.295872559811295,0.5123599699338571,N/A,1024
COL_0369,Unicode,,cycle0000,cycle0099,9,9,,,,cycle0045,100
COL_0370,Unicode,,TIME_162913,TIME_163040,11,11,,,,TIME_163040,88
COL_0371,Unicode,,file_0_371.txt,file_9_371.txt,14,17,,,,N/A,1024
COL_0372,Float,494.71555545346547,0.00014698867610596356,0.9995536121566603,15,22,0.48312065962252404,0.28646954978467654,0.4719405569717415,N/A,1024
COL_0373,Integer,17869412,1,100100,6,6,17450.597656250007,35993.04157124064,1,000001,4
COL_0374,Unicode,,PAT001,PAT005,6,6,,,,PAT004,5
COL_0375,Unicode,,PAT001,PAT005,6,6,,,,PAT004,5
COL_0376,Integer,16624188,1,100100,6,6,16234.558593749987,35033.73770268299,1,000001,4
COL_0377,Unicode,,PAT001,PAT005,6,6,,,,PAT005,5
COL_0378,Integer,3928707072,378,7672878,3,7,3836628,2217023.976527994,3836628,N/A,1024
COL_0379,Float,508.56930376482956,0.0004709706739753905,0.9975999616311089,16,21,0.49664971070784175,0.2834615692828844,0.4963426185144323,N/A,1024
COL_0380,Unicode,,FIXED,FIXED,5,5,,,,FIXED,1
COL_0381,Integer,3928710144,381,7672881,3,7,3836631,2217023.976527994,3836631,N/A,1024
COL_0382,Unicode,,FIXED,FIXED,5,5,,,,FIXED,1
COL_0383,Unicode,,FIXED,FIXED,5,5,,,,FIXED,1
COL_0384,Unicode,,00000180,03ff0180,8,8,,,45180,N/A,1024
COL_0385,Unicode,,PAT001,PAT005,6,6,,,,PAT004,5
COL_0386,Integer,3928715264,386,7672886,3,7,3836636,2217023.976527994,3836636,N/A,1024
COL_0387,Integer,3928716288,387,7672887,3,7,3836637,2217023.976527994,3836637,N/A,1024
COL_0388,Unicode,,2020-08-22 16:35:41,2020-08-22 16:54:11,19,19,,,,N/A,1024
COL_0389,Unicode,,cycle0000,cycle0099,9,9,,,,cycle0090,100
COL_0390,Unicode,,00000186,03ff0186,8,8,,,45186,N/A,1024
COL_0391,Unicode,,00000187,03ff0187,8,8,,,45187,N/A,1024
COL_0392,Integer,15983549,1,100100,6,6,15608.934570312496,34468.744719041635,1,000001,4
COL_0393,Unicode,,FIXED,FIXED,5,5,,,,FIXED,1
COL_0394,Unicode,,TIME_162913,TIME_163040,11,11,,,,TIME_163040,88
COL_0395,Unicode,,FIXED,FIXED,5,5,,,,FIXED,1
COL_0396,Unicode,,2020-08-22 16:35:49,2020-08-22 16:54:19,19,19,,,,N/A,1024
COL_0397,Float,492.4731339213521,0.0019276875872387134,0.9990241893122267,15,21,0.48093079484507095,0.28189542037227455,0.45221781622323315,N/A,1024
COL_0398,Unicode,,0000018e,03ff018e,8,8,,,,N/A,1024
COL_0399,Integer,17111674,1,100100,6,6,16710.619140625015,35257.15182936105,1,000001,4
COL_0400,Integer,16593152,1,100100,6,6,16204.249999999987,34792.61683541288,1,000001,4
COL_0401,Unicode,,cycle0000,cycle0099,9,9,,,,cycle0040,100
COL_0402,Unicode,,file_0_402.txt,file_9_402.txt,14,17,,,,N/A,1024
COL_0403,Unicode,,cycle0000,cycle0099,9,9,,,,cycle0084,100
COL_0404,Unicode,,file_0_404.txt,file_9_404.txt,14,17,,,,N/A,1024
COL_0405,Integer,3928734720,405,7672905,3,7,3836655,2217023.976527994,3836655,N/A,1024
COL_0406,Unicode,,PAT001,PAT005,6,6,,,,PAT005,5
COL_0407,Float,518.1466905062383,0.0003736713388745594,0.9987165256941122,15,21,0.5060026274474991,0.2898341682163065,0.5018553221685217,N/A,1024
COL_0408,Unicode,,2020-08-22 16:36:01,2020-08-22 16:54:31,19,19,,,,N/A,1024
COL_0409,Unicode,,PAT001,PAT005,6,6,,,,PAT003,5
COL_0410,Integer,16807368,1,100100,6,6,16413.445312500004,34978.034272180565,1,000001,4
COL_0411,Unicode,,PAT001,PAT005,6,6,,,,PAT004,5
COL_0412,Unicode,,cycle0000,cycle0099,9,9,,,,cycle0069,100
COL_0413,Unicode,,cycle0000,cycle0099,9,9,,,,cycle0076,100
COL_0414,Unicode,,TIME_162913,TIME_163040,11,11,,,,TIME_163040,88
COL_0415,Unicode,,cycle0000,cycle0099,9,9,,,,cycle0099,100
COL_0416,Float,500.92191393041156,0.0003541008379279731,0.9990288782682853,15,21,0.4891815565726673,0.29028555270117873,0.4924674278489411,N/A,1024
COL_0417,Unicode,,TIME_162913,TIME_163040,11,11,,,,TIME_163040,88
COL_0418,Unicode,,000001a2,03ff01a2,8,8,,,,N/A,1024
COL_0419,Unicode,,cycle0000,cycle0099,9,9,,,,cycle0051,100
COL_0420,Integer,15753324,1,100100,6,6,15384.105468750007,34408.097822550735,1,000001,4
COL_0421,Unicode,,000001a5,03ff01a5,8,8,,,,N/A,1024
COL_0422,Integer,16390945,1,100100,6,6,16006.782226562504,34474.74276316454,1,000001,4
COL_0423,Unicode,,2020-08-22 16:36:16,2020-08-22 16:54:46,19,19,,,,N/A,1024
COL_0424,Unicode,,2020-08-22 16:36:17,2020-08-22 16:54:47,19,19,,,,N/A,1024
COL_0425,Unicode,,FIXED,FIXED,5,5,,,,FIXED,1
COL_0426,Unicode,,PAT001,PAT005,6,6,,,,PAT004,5
COL_0427,Integer,3928757248,427,7672927,3,7,3836677,2217023.976527994,3836677,N/A,1024
COL_0428,Integer,15341919,1,100100,6,6,14982.342773437495,33496.320334418575,1,000001,4
COL_0429,Unicode,,cycle0000,cycle0099,9,9,,,,cycle0083,100
COL_0430,Unicode,,2020-08-22 16:36:23,2020-08-22 16:54:53,19,19,,,,N/A,1024
COL_0431,Unicode,,FIXED,FIXED,5,5,,,,FIXED,1
COL_0432,Unicode,,cycle0000,cycle0099,9,9,,,,cycle0050,100
COL_0433,Float,494.8554960699222,0.0014311611102061361,0.9999097519737756,16,21,0.4832573203807838,0.2837084818164741,0.48047321579460056,N/A,1024
COL_0434,Unicode,,FIXED,FIXED,5,5,,,,FIXED,1
COL_0435,Integer,3928765440,435,7672935,3,7,3836685,2217023.976527994,3836685,N/A,1024
COL_0436,Integer,3928766464,436,7672936,3,7,3836686,2217023.976527994,3836686,N/A,1024
COL_0437,Integer,3928767488,437,7672937,3,7,3836687,2217023.976527994,3836687,N/A,1024
COL_0438,Integer,17044602,1,100100,6,6,16645.119140624978,35400.56562154974,1,000001,4
COL_0439,Integer,3928769536,439,7672939,3,7,3836689,2217023.976527994,3836689,N/A,1024
COL_0440,Unicode,,FIXED,FIXED,5,5,,,,FIXED,1
COL_0441,Unicode,,PAT001,PAT005,6,6,,,,PAT004,5
COL_0442,Unicode,,000001ba,03ff01ba,8,8,,,,N/A,1024
COL_0443,Unicode,,2020-08-22 16:36:36,2020-08-22 16:55:06,19,19,,,,N/A,1024
COL_0444,Unicode,,PAT001,PAT005,6,6,,,,PAT004,5
COL_0445,Unicode,,2020-08-22 16:36:38,2020-08-22 16:55:08,19,19,,,,N/A,1024
COL_0446,Unicode,,PAT001,PAT005,6,6,,,,PAT001,5
COL_0447,Integer,3928777728,447,7672947,3,7,3836697,2217023.976527994,3836697,N/A,1024
COL_0448,Unicode,,FIXED,FIXED,5,5,,,,FIXED,1
COL_0449,Unicode,,000001c1,03ff01c1,8,8,,,,N/A,1024
COL_0450,Unicode,,000001c2,03ff01c2,8,8,,,,N/A,1024
COL_0451,Unicode,,2020-08-22 16:36:44,2020-08-22 16:55:14,19,19,,,,N/A,1024
COL_0452,Unicode,,000001c4,03ff01c4,8,8,,,,N/A,1024
COL_0453,Unicode,,2020-08-22 16:36:46,2020-08-22 16:55:16,19,19,,,,N/A,1024
COL_0454,Unicode,,file_0_454.txt,file_9_454.txt,14,17,,,,N/A,1024
COL_0455,Unicode,,cycle0000,cycle0099,9,9,,,,cycle0084,100
COL_0456,Integer,13819425,1,100100,6,6,13495.532226562511,32169.79547864166,1,000001,4
COL_0457,Float,515.1989186948524,0.0016655725614560524,0.9993546552438562,15,21,0.5031239440379426,0.2987650898516268,0.5184627305214481,N/A,1024
COL_0458,Float,503.5681601932919,0.00010858513771538902,0.9990957936106302,15,22,0.49176578143876154,0.2800358324989964,0.4910166959458319,N/A,1024
COL_0459,Unicode,,cycle0000,cycle0099,9,9,,,,cycle0042,100
COL_0460,Integer,3928791040,460,7672960,3,7,3836710,2217023.976527994,3836710,N/A,1024
COL_0461,Unicode,,2020-08-22 16:36:54,2020-08-22 16:55:24,19,19,,,,N/A,1024
COL_0462,Integer,15958531,1,100100,6,6,15584.502929687496,34350.21529109989,1,000001,4
COL_0463,Unicode,,TIME_162913,TIME_163040,11,11,,,,TIME_163040,88
COL_0464,Unicode,,2020-08-22 16:36:57,2020-08-22 16:55:27,19,19,,,,N/A,1024
COL_0465,Unicode,,PAT001,PAT005,6,6,,,,PAT005,5
COL_0466,Float,515.8632008608338,0.0007569842394342663,0.9998083511582956,15,21,0.5037726570906582,0.28715033034658094,0.5146926519703046,N/A,1024
COL_0467,Unicode,,PAT001,PAT005,6,6,,,,PAT004,5
COL_0468,Unicode,,PAT001,PAT005,6,6,,,,PAT001,5
COL_0469,Float,502.90662238093194,0.0011925839060293875,0.9994884736706524,14,21,0.4911197484188787,0.2880457133028221,0.49463795456375004,N/A,1024
COL_0470,Unicode,,file_0_470.txt,file_9_470.txt,14,17,,,,N/A,1024
COL_0471,Float,499.35375707791854,0.00005689610033243753,0.9989057911107057,16,21,0.48765015339640516,0.29100204142648983,0.48038161182000394,N/A,1024
COL_0472,Unicode,,file_0_472.txt,file_9_472.txt,14,17,,,,N/A,1024
COL_0473,Unicode,,000001d9,03ff01d9,8,8,,,,N/A,1024
COL_0474,Unicode,,file_0_474.txt,file_9_474.txt,14,17,,,,N/A,1024
COL_0475,Unicode,,cycle0000,cycle0099,9,9,,,,cycle0006,100
COL_0476,Float,517.7639249223618,0.000007287067338990205,0.9998263500923125,16,21,0.5056288329319936,0.2925818932066053,0.515295221015354,N/A,1024
COL_0477,Unicode,,TIME_162913,TIME_163040,11,11,,,,TIME_163040,88
COL_0478,Unicode,,PAT001,PAT005,6,6,,,,PAT002,5
COL_0479,Float,499.51621344701203,0.000028613960242007686,0.9993791440526689,15,22,0.487808802194347,0.2821402903458869,0.4825574592798684,N/A,1024
COL_0480,Unicode,,2020-08-22 16:37:13,2020-08-22 16:55:43,19,19,,,,N/A,1024
COL_0481,Unicode,,000001e1,03ff01e1,8,8,,,4510,N/A,1024
COL_0482,Unicode,,file_0_482.txt,file_9_482.txt,14,17,,,,N/A,1024
COL_0483,Integer,3928814592,483,7672983,3,7,3836733,2217023.976527994,3836733,N/A,1024
COL_0484,Unicode,,PAT001,PAT005,6,6,,,,PAT004,5
COL_0485,Unicode,,2020-08-22 16:37:18,2020-08-22 16:55:48,19,19,,,,N/A,1024
COL_0486,Float,510.84348661323986,0.00004280604732687099,0.9970409805598472,15,21,0.49887059239574205,0.2934335264465815,0.49952343064870053,N/A,1024
COL_0487,Unicode,,FIXED,FIXED,5,5,,,,FIXED,1
COL_0488,Unicode,,FIXED,FIXED,5,5,,,,FIXED,1
COL_0489,Unicode,,PAT001,PAT005,6,6,,,,PAT002,5
COL_0490,Integer,17086647,1,100100,6,6,16686.178710937515,35388.03339730544,1,000001,4
COL_0491,Unicode,,cycle0000,cycle0099,9,9,,,,cycle0099,100
COL_0492,Unicode,,cycle0000,cycle0099,9,9,,,,cycle0090,100
COL_0493,Unicode,,2020-08-22 16:37:26,2020-08-22 16:55:56,19,19,,,,N/A,1024
COL_0494,Integer,15839432,1,100100,6,6,15468.1953125,34259.96494559184,1,000001,4
COL_0495,Unicode,,FIXED,FIXED,5,5,,,,FIXED,1
COL_0496,Unicode,,2020-08-22 16:37:29,2020-08-22 16:55:59,19,19,,,,N/A,1024
COL_0497,Unicode,,file_0_497.txt,file_9_497.txt,14,17,,,,N/A,1024
COL_0498,Unicode,,000001f2,03ff01f2,8,8,,,,N/A,1024
COL_0499,Float,496.6400844522865,0.0019943425126521808,0.9998383393342345,16,21,0.485000082472936,0.2893989874883954,0.4645567740030152,N/A,1024
COL_0500,Unicode,,cycle0000,cycle0099,9,9,,,,cycle0086,100
COL_0501,Unicode,,PAT001,PAT005,6,6,,,,PAT003,5
COL_0502,Unicode,,2020-08-22 16:37:35,2020-08-22 16:56:05,19,19,,,,N/A,1024
COL_0503,Integer,16024576,1,100100,6,6,15649.000000000011,34328.23525403322,1,000001,4
COL_0504,Unicode,,cycle0000,cycle0099,9,9,,,,cycle0091,100
COL_0505,Integer,3928837120,505,7673005,3,7,3836755,2217023.976527994,3836755,N/A,1024
COL_0506,Unicode,,TIME_162913,TIME_163040,11,11,,,,TIME_163040,88
COL_0507,Unicode,,PAT001,PAT005,6,6,,,,PAT002,5
COL_0508,Unicode,,PAT001,PAT005,6,6,,,,PAT005,5
COL_0509,Unicode,,cycle0000,cycle0099,9,9,,,,cycle0006,100
COL_0510,Unicode,,000001fe,03ff01fe,8,8,,,,N/A,1024
COL_0511,Integer,3928843264,511,7673011,3,7,3836761,2217023.976527994,3836761,N/A,1024
COL_0512,Float,499.19357152883174,0.003149529010084473,0.9994485222263981,15,20,0.4874937221961242,0.2863734158498134,0.48373514417822094,N/A,1024
COL_0513,Unicode,,FIXED,FIXED,5,5,,,,FIXED,1
COL_0514,Unicode,,cycle0000,cycle0099,9,9,,,,cycle0012,100
COL_0515,Unicode,,PAT001,PAT005,6,6,,,,PAT002,5
COL_0516,Unicode,,file_0_516.txt,file_9_516.txt,14,17,,,,N/A,1024
COL_0517,Unicode,,file_0_517.txt,file_9_517.txt,14,17,,,,N/A,1024
COL_0518,Unicode,,2020-08-22 16:37:51,2020-08-22 16:56:21,19,19,,,,N/A,1024
COL_0519,Unicode,,FIXED,FIXED,5,5,,,,FIXED,1
COL_0520,Unicode,,2020-08-22 16:37:53,2020-08-22 16:56:23,19,19,,,,N/A,1024
COL_0521,Unicode,,00000209,03ff0209,8,8,,,45209,N/A,1024
COL_0522,Unicode,,cycle0000,cycle0099,9,9,,,,cycle0013,100
COL_0523,Unicode,,TIME_162913,TIME_163040,11,11,,,,TIME_163040,88
COL_0524,Unicode,,2020-08-22 16:37:57,2020-08-22 16:56:27,19,19,,,,N/A,1024
COL_0525,Unicode,,PAT001,PAT005,6,6,,,,PAT005,5
COL_0526,Unicode,,2020-08-22 16:37:59,2020-08-22 16:56:29,19,19,,,,N/A,1024
COL_0527,Unicode,,0000020f,03ff020f,8,8,,,,N/A,1024
COL_0528,Integer,3928860672,528,7673028,3,7,3836778,2217023.976527994,3836778,N/A,1024
COL_0529,Float,529.56158218359,0.000280745274039651,0.9996045269275182,15,21,0.5171499826011628,0.2848905832946821,0.5299530359219198,N/A,1024
COL_0530,Unicode,,TIME_162913,TIME_163040,11,11,,,,TIME_163040,88
COL_0531,Unicode,,FIXED,FIXED,5,5,,,,FIXED,1
COL_0532,Unicode,,2020-08-22 16:38:05,2020-08-22 16:56:35,19,19,,,,N/A,1024
COL_0533,Integer,3928865792,533,7673033,3,7,3836783,2217023.976527994,3836783,N/A,1024
COL_0534,Float,515.0939868037572,0.0008892415777673746,0.9997811835168654,16,21,0.5030214714880443,0.2871680829712878,0.5114533279497471,N/A,1024
COL_0535,Integer,3928867840,535,7673035,3,7,3836785,2217023.976527994,3836785,N/A,1024
COL_0536,Unicode,,cycle0000,cycle0099,9,9,,,,cycle0048,100
COL_0537,Unicode,,2020-08-22 16:38:10,2020-08-22 16:56:40,19,19,,,,N/A,1024
COL_0538,Float,508.2580534461493,0.000718718867893875,0.9997393475563056,16,21,0.4963457553185053,0.28811210948253746,0.5047019638000596,N/A,1024
COL_0539,Unicode,,PAT001,PAT005,6,6,,,,PAT002,5
COL_0540,Unicode,,cycle0000,cycle0099,9,9,,,,cycle0099,100
COL_0541,Integer,3928873984,541,7673041,3,7,3836791,2217023.976527994,3836791,N/A,1024
COL_0542,Unicode,,file_0_542.txt,file_9_542.txt,14,17,,,,N/A,1024
COL_0543,Unicode,,PAT001,PAT005,6,6,,,,PAT003,5
COL_0544,Integer,3928877056,544,7673044,3,7,3836794,2217023.976527994,3836794,N/A,1024
COL_0545,Integer,3928878080,545,7673045,3,7,3836795,2217023.976527994,3836795,N/A,1024
COL_0546,Unicode,,2020-08-22 16:38:19,2020-08-22 16:56:49,19,19,,,,N/A,1024
COL_0547,Unicode,,file_0_547.txt,file_9_547.txt,14,17,,,,N/A,1024
COL_0548,Integer,3928881152,548,7673048,3,7,3836798,2217023.976527994,3836798,N/A,1024
COL_0549,Float,506.51438718440875,0.00027805319587703714,0.9996547547363281,15,22,0.49464295623477406,0.2868287692480603,0.48432233739669933,N/A,1024
COL_0550,Integer,15496081,1,100100,6,6,15132.8916015625,33843.18690550385,1,000001,4
COL_0551,Unicode,,2020-08-22 16:38:24,2020-08-22 16:56:54,19,19,,,,N/A,1024
COL_0552,Unicode,,PAT001,PAT005,6,6,,,,PAT004,5
COL_0553,Unicode,,2020-08-22 16:38:26,2020-08-22 16:56:56,19,19,,,,N/A,1024
COL_0554,Integer,3928887296,554,7673054,3,7,3836804,2217023.976527994,3836804,N/A,1024
COL_0555,Unicode,,cycle0000,cycle0099,9,9,,,,cycle0056,100
COL_0556,Float,509.0398209043785,0.001225361014371762,0.9983257146495379,15,21,0.49710920010193255,0.2884695442301586,0.49782629609462875,N/A,1024
COL_0557,Unicode,,cycle0000,cycle0099,9,9,,,,cycle0023,100
COL_0558,Unicode,,0000022e,03ff022e,8,8,,,,N/A,1024
COL_0559,Unicode,,0000022f,03ff022f,8,8,,,,N/A,1024
COL_0560,Integer,3928893440,560,7673060,3,7,3836810,2217023.976527994,3836810,N/A,1024
COL_0561,Unicode,,PAT001,PAT005,6,6,,,,PAT003,5
COL_0562,Unicode,,file_0_562.txt,file_9_562.txt,14,17,,,,N/A,1024
COL_0563,Unicode,,file_0_563.txt,file_9_563.txt,14,17,,,,N/A,1024
COL_0564,Unicode,,file_0_564.txt,file_9_564.txt,14,17,,,,N/A,1024
COL_0565,Unicode,,2020-08-22 16:38:38,2020-08-22 16:57:08,19,19,,,,N/A,1024
COL_0566,Unicode,,00000236,03ff0236,8,8,,,45236,N/A,1024
COL_0567,Unicode,,00000237,03ff0237,8,8,,,45237,N/A,1024
COL_0568,Unicode,,FIXED,FIXED,5,5,,,,FIXED,1
COL_0569,Float,501.080001927633,0.00042293144821925477,0.9988100033578425,16,22,0.489335939382454,0.28784405462612234,0.47270173714784813,N/A,1024
COL_0570,Unicode,,PAT001,PAT005,6,6,,,,PAT003,5
COL_0571,Integer,15058622,1,100100,6,6,14705.685546874996,33441.2198653804,1,000001,4
COL_0572,Unicode,,FIXED,FIXED,5,5,,,,FIXED,1
COL_0573,Unicode,,PAT001,PAT005,6,6,,,,PAT002,5
COL_0574,Unicode,,cycle0000,cycle0099,9,9,,,,cycle0068,100
COL_0575,Integer,3928908800,575,7673075,3,7,3836825,2217023.976527994,3836825,N/A,1024
COL_0576,Unicode,,cycle0000,cycle0099,9,9,,,,cycle0086,100
COL_0577,Unicode,,file_0_577.txt,file_9_577.txt,14,17,,,,N/A,1024
COL_0578,Float,503.66775130387725,0.0021112714445784553,0.9993652186152113,16,21,0.4918630383826928,0.2904212201919561,0.48566245471599495,N/A,1024
COL_0579,Integer,3928912896,579,7673079,3,7,3836829,2217023.976527994,3836829,N/A,1024
COL_0580,Unicode,,PAT001,PAT005,6,6,,,,PAT001,5
COL_0581,Integer,3928914944,581,7673081,3,7,3836831,2217023.976527994,3836831,N/A,1024
COL_0582,Integer,3928915968,582,7673082,3,7,3836832,2217023.976527994,3836832,N/A,1024
COL_0583,Unicode,,FIXED,FIXED,5,5,,,,FIXED,1
COL_0584,Unicode,,cycle0000,cycle0099,9,9,,,,cycle0029,100
COL_0585,Unicode,,FIXED,FIXED,5,5,,,,FIXED,1
COL_0586,Unicode,,2020-08-22 16:38:59,2020-08-22 16:57:29,19,19,,,,N/A,1024
COL_0587,Unicode,,TIME_162913,TIME_163040,11,11,,,,TIME_163040,88
COL_0588,Integer,3928922112,588,7673088,3,7,3836838,2217023.976527994,3836838,N/A,1024
COL_0589,Integer,3928923136,589,7673089,3,7,3836839,2217023.976527994,3836839,N/A,1024
COL_0590,Unicode,,PAT001,PAT005,6,6,,,,PAT001,5
COL_0591,Unicode,,2020-08-22 16:39:04,2020-08-22 16:57:34,19,19,,,,N/A,1024
COL_0592,Unicode,,TIME_162913,TIME_163040,11,11,,,,TIME_163040,88
COL_0593,Float,515.4239387000763,0.0003175790717837579,0.9995565371762115,15,21,0.5033436901367935,0.2884055111803692,0.5064037246290213,N/A,1024
COL_0594,Unicode,,FIXED,FIXED,5,5,,,,FIXED,1
COL_0595,Unicode,,file_0_595.txt,file_9_595.txt,14,17,,,,N/A,1024
COL_0596,Unicode,,2020-08-22 16:39:09,2020-08-22 16:57:39,19,19,,,,N/A,1024
COL_0597,Unicode,,file_0_597.txt,file_9_597.txt,14,17,,,,N/A,1024
COL_0598,Unicode,,cycle0000,cycle0099,9,9,,,,cycle0084,100
COL_0599,Unicode,,PAT001,PAT005,6,6,,,,PAT002,5
COL_0600,Integer,3928934400,600,7673100,3,7,3836850,2217023.976527994,3836850,N/A,1024
COL_0601,Unicode,,TIME_162913,TIME_163040,11,11,,,,TIME_163040,88
COL_0602,Float,506.3756794058744,0.0014734052622060734,0.9998296176341916,15,21,0.4945074994197998,0.2862522585858719,0.4914791584068043,N/A,1024
COL_0603,Float,521.5416837823076,0.0009526493632148192,0.9999882342584882,16,21,0.5093180505686588,0.28942397647423435,0.5173878878340654,N/A,1024
COL_0604,Unicode,,FIXED,FIXED,5,5,,,,FIXED,1
COL_0605,Unicode,,TIME_162913,TIME_163040,11,11,,,,TIME_163040,88
COL_0606,Unicode,,TIME_162913,TIME_163040,11,11,,,,TIME_163040,88
COL_0607,Unicode,,FIXED,FIXED,5,5,,,,FIXED,1
COL_0608,Unicode,,00000260,03ff0260,8,8,,,45260,N/A,1024
COL_0609,Unicode,,file_0_609.txt,file_9_609.txt,14,17,,,,N/A,1024
COL_0610,Unicode,,cycle0000,cycle0099,9,9,,,,cycle0031,100
COL_0611,Unicode,,TIME_162913,TIME_163040,11,11,,,,TIME_163040,88
COL_0612,Unicode,,TIME_162913,TIME_163040,11,11,,,,TIME_163040,88
COL_0613,Unicode,,FIXED,FIXED,5,5,,,,FIXED,1
COL_0614,Unicode,,file_0_614.txt,file_9_614.txt,14,17,,,,N/A,1024
COL_0615,Integer,3928949760,615,7673115,3,7,3836865,2217023.976527994,3836865,N/A,1024
COL_0616,Unicode,,file_0_616.txt,file_9_616.txt,14,17,,,,N/A,1024
COL_0617,Unicode,,TIME_162913,TIME_163040,11,11,,,,TIME_163040,88
COL_0618,Unicode,,0000026a,03ff026a,8,8,,,,N/A,1024
COL_0619,Integer,16626188,1,100100,6,6,16236.511718750004,34908.20435760799,1,000001,4
COL_0620,Integer,3928954880,620,7673120,3,7,3836870,2217023.976527994,3836870,N/A,1024
COL_0621,Unicode,,2020-08-22 16:39:34,2020-08-22 16:58:04,19,19,,,,N/A,1024
COL_0622,Unicode,,PAT001,PAT005,6,6,,,,N/A,5
COL_0623,Unicode,,FIXED,FIXED,5,5,,,,FIXED,1
COL_0624,Unicode,,FIXED,FIXED,5,5,,,,FIXED,1
COL_0625,Unicode,,file_0_625.txt,file_9_625.txt,14,17,,,,N/A,1024
COL_0626,Unicode,,file_0_626.txt,file_9_626.txt,14,17,,,,N/A,1024
COL_0627,Integer,16413990,1,100100,6,6,16029.287109374973,34723.00281965909,1,000001,4
COL_0628,Unicode,,FIXED,FIXED,5,5,,,,FIXED,1
COL_0629,Unicode,,cycle0000,cycle0099,9,9,,,,cycle0087,100
COL_0630,Unicode,,file_0_630.txt,file_9_630.txt,14,17,,,,N/A,1024
COL_0631,Unicode,,TIME_162913,TIME_163040,11,11,,,,TIME_163040,88
COL_0632,Float,506.34290201854066,0.00045758449671262635,0.997960162714202,15,22,0.4944754902524804,0.28730814943220456,0.5029273882793952,N/A,1024
COL_0633,Unicode,,cycle0000,cycle0099,9,9,,,,cycle0019,100
COL_0634,Float,527.3838326259,0.0020385379264878933,0.9983110420547767,16,21,0.515023274048731,0.28883824728467317,0.5169066460831615,N/A,1024
COL_0635,Unicode,,PAT001,PAT005,6,6,,,,PAT002,5
COL_0636,Unicode,,TIME_162913,TIME_163040,11,11,,,,TIME_163040,88
COL_0637,Unicode,,PAT001,PAT005,6,6,,,,PAT002,5
COL_0638,Unicode,,0000027e,03ff027e,8,8,,,,N/A,1024
COL_0639,Unicode,,TIME_162913,TIME_163040,11,11,,,,TIME_163040,88
COL_0640,Unicode,,file_0_640.txt,file_9_640.txt,14,17,,,,N/A,1024
COL_0641,Unicode,,2020-08-22 16:39:54,2020-08-22 16:58:24,19,19,,,,N/A,1024
COL_0642,Unicode,,TIME_162913,TIME_163040,11,11,,,,TIME_163040,88
COL_0643,Unicode,,2020-08-22 16:39:56,2020-08-22 16:58:26,19,19,,,,N/A,1024
COL_0644,Unicode,,cycle0000,cycle0099,9,9,,,,cycle0055,100
COL_0645,Integer,3928980480,645,7673145,3,7,3836895,2217023.976527994,3836895,N/A,1024
COL_0646,Unicode,,TIME_162913,TIME_163040,11,11,,,,TIME_163040,88
COL_0647,Unicode,,FIXED,FIXED,5,5,,,,FIXED,1
COL_0648,Unicode,,file_0_648.txt,file_9_648.txt,14,17,,,,N/A,1024
COL_0649,Integer,3928984576,649,7673149,3,7,3836899,2217023.976527994,3836899,N/A,1024
COL_0650,Integer,3928985600,650,7673150,3,7,3836900,2217023.976527994,3836900,N/A,1024
COL_0651,Unicode,,PAT001,PAT005,6,6,,,,PAT001,5
COL_0652,Unicode,,FIXED,FIXED,5,5,,,,FIXED,1
COL_0653,Unicode,,0000028d,03ff028d,8,8,,,,N/A,1024
COL_0654,Unicode,,cycle0000,cycle0099,9,9,,,,cycle0059,100
COL_0655,Unicode,,0000028f,03ff028f,8,8,,,,N/A,1024
COL_0656,Unicode,,file_0_656.txt,file_9_656.txt,14,17,,,,N/A,1024
COL_0657,Unicode,,00000291,03ff0291,8,8,,,45291,N/A,1024
COL_0658,Unicode,,00000292,03ff0292,8,8,,,45292,N/A,1024
COL_0659,Unicode,,FIXED,FIXED,5,5,,,,FIXED,1
COL_0660,Unicode,,FIXED,FIXED,5,5,,,,FIXED,1
COL_0661,Integer,15681252,1,100100,6,6,15313.722656249985,33917.966896899576,1,000001,4
COL_0662,Unicode,,cycle0000,cycle0099,9,9,,,,cycle0098,100
COL_0663,Unicode,,file_0_663.txt,file_9_663.txt,14,17,,,,N/A,1024
COL_0664,Unicode,,TIME_162913,TIME_163040,11,11,,,,TIME_163040,88
COL_0665,Unicode,,2020-08-22 16:40:18,2020-08-22 16:58:48,19,19,,,,N/A,1024
COL_0666,Unicode,,FIXED,FIXED,5,5,,,,FIXED,1
COL_0667,Unicode,,0000029b,03ff029b,8,8,,,,N/A,1024
COL_0668,Unicode,,TIME_162913,TIME_163040,11,11,,,,TIME_163040,88
COL_0669,Unicode,,FIXED,FIXED,5,5,,,,FIXED,1
COL_0670,Unicode,,cycle0000,cycle0099,9,9,,,,cycle0087,100
COL_0671,Unicode,,FIXED,FIXED,5,5,,,,FIXED,1
COL_0672,Integer,15086658,1,100100,6,6,14733.064453125011,33304.207944907575,1,000001,4
COL_0673,Unicode,,TIME_162913,TIME_163040,11,11,,,,TIME_163040,88
COL_0674,Float,521.3168032293797,0.0012681778193432969,0.9997294328036324,14,21,0.5090984406536911,0.2835493147088416,0.5154385566742744,N/A,1024
COL_0675,Unicode,,file_0_675.txt,file_9_675.txt,14,17,,,,N/A,1024
COL_0676,Unicode,,TIME_162913,TIME_163040,11,11,,,,TIME_163040,88
COL_0677,Unicode,,000002a5,03ff02a5,8,8,,,,N/A,1024
COL_0678,Float,509.7570779151715,0.00004359380921736822,0.9999582995800655,15,21,0.4978096464015358,0.28568033654329106,0.5002602978200568,N/A,1024
COL_0679,Integer,16448999,1,100100,6,6,16063.475585937487,34583.138287013564,1,000001,4
COL_0680,Unicode,,FIXED,FIXED,5,5,,,,FIXED,1
COL_0681,Unicode,,2020-08-22 16:40:34,2020-08-22 16:59:04,19,19,,,,N/A,1024
COL_0682,Unicode,,2020-08-22 16:40:35,2020-08-22 16:59:05,19,19,,,,N/A,1024
COL_0683,Unicode,,FIXED,FIXED,5,5,,,,FIXED,1
COL_0684,Unicode,,000002ac,03ff02ac,8,8,,,,N/A,1024
COL_0685,Unicode,,FIXED,FIXED,5,5,,,,FIXED,1
COL_0686,Unicode,,2020-08-22 16:40:39,2020-08-22 16:59:09,19,19,,,,N/A,1024
COL_0687,Integer,15271865,1,100100,6,6,14913.930664062518,33647.74035329695,1,000001,4
COL_0688,Unicode,,PAT001,PAT005,6,6,,,,PAT004,5
COL_0689,Unicode,,TIME_162913,TIME_163040,11,11,,,,TIME_163040,88
COL_0690,Unicode,,cycle0000,cycle0099,9,9,,,,cycle0060,100
COL_0691,Unicode,,2020-08-22 16:40:44,2020-08-22 16:59:14,19,19,,,,N/A,1024
COL_0692,Float,512.1558382264033,0.00022579312730774959,0.9979430971913772,16,22,0.5001521857679717,0.29316694603709265,0.5034905613540648,N/A,1024
COL_0693,Unicode,,2020-08-22 16:40:46,2020-08-22 16:59:16,19,19,,,,N/A,1024
COL_0694,Unicode,,cycle0000,cycle0099,9,9,,,,cycle0034,100
COL_0695,Unicode,,cycle0000,cycle0099,9,9,,,,cycle0095,100
COL_0696,Unicode,,cycle0000,cycle0099,9,9,,,,cycle0028,100
COL_0697,Unicode,,TIME_162913,TIME_163040,11,11,,,,TIME_163040,88
COL_0698,Float,513.7841143954855,0.000403078768076659,0.9978149015518999,15,21,0.5017422992143417,0.28901044089520816,0.5013647045494685,N/A,1024
COL_0699,Unicode,,2020-08-22 16:40:52,2020-08-22 16:59:22,19,19,,,,N/A,1024
COL_0700,Unicode,,2020-08-22 16:40:53,2020-08-22 16:59:23,19,19,,,,N/A,1024
COL_0701,Unicode,,000002bd,03ff02bd,8,8,,,,N/A,1024
COL_0702,Unicode,,TIME_162913,TIME_163040,11,11,,,,TIME_163040,88
COL_0703,Unicode,,000002bf,03ff02bf,8,8,,,,N/A,1024
COL_0704,Unicode,,000002c0,03ff02c0,8,8,,,,N/A,1024
COL_0705,Unicode,,cycle0000,cycle0099,9,9,,,,cycle0046,100
COL_0706,Unicode,,000002c2,03ff02c2,8,8,,,,N/A,1024
COL_0707,Unicode,,FIXED,FIXED,5,5,,,,FIXED,1
COL_0708,Unicode,,PAT001,PAT005,6,6,,,,PAT004,5
COL_0709,Integer,14663244,1,100100,6,6,14319.574218750007,32891.39623499531,1,000001,4
COL_0710,Float,505.3943365248279,0.0010201807582602695,0.9991286247728944,16,21,0.4935491567625281,0.290179798874363,0.48998508129287544,N/A,1024
COL_0711,Float,510.51582372157026,0.0014696767814638134,0.9983895955793253,16,21,0.49855060910309507,0.2836872726221698,0.48708378792402657,N/A,1024
COL_0712,Float,513.0186861551697,0.0004643729873005098,0.9987091001187354,16,21,0.5009948106984079,0.2851118075935123,0.5111434797481931,N/A,1024
COL_0713,Unicode,,000002c9,03ff02c9,8,8,,,,N/A,1024
COL_0714,Unicode,,file_0_714.txt,file_9_714.txt,14,17,,,,N/A,1024
COL_0715,Integer,15813369,1,100100,6,6,15442.743164062489,34006.65927580986,1,000001,4
COL_0716,Unicode,,TIME_162913,TIME_163040,11,11,,,,TIME_163040,88
COL_0717,Unicode,,TIME_162913,TIME_163040,11,11,,,,TIME_163040,88
COL_0718,Unicode,,file_0_718.txt,file_9_718.txt,14,17,,,,N/A,1024
COL_0719,Unicode,,file_0_719.txt,file_9_719.txt,14,17,,,,N/A,1024
COL_0720,Unicode,,000002d0,03ff02d0,8,8,,,,N/A,1024
COL_0721,Unicode,,PAT001,PAT005,6,6,,,,PAT001,5
COL_0722,Unicode,,000002d2,03ff02d2,8,8,,,,N/A,1024
COL_0723,Integer,17023611,1,100100,6,6,16624.620117187496,35534.042045413036,1,000001,4
COL_0724,Unicode,,file_0_724.txt,file_9_724.txt,14,17,,,,N/A,1024
COL_0725,Unicode,,PAT001,PAT005,6,6,,,,PAT003,5
COL_0726,Unicode,,2020-08-22 16:41:19,2020-08-22 16:59:49,19,19,,,,N/A,1024
COL_0727,Unicode,,TIME_162913,TIME_163040,11,11,,,,TIME_163040,88
COL_0728,Unicode,,FIXED,FIXED,5,5,,,,FIXED,1
COL_0729,Unicode,,cycle0000,cycle0099,9,9,,,,cycle0016,100
COL_0730,Unicode,,TIME_162913,TIME_163040,11,11,,,,TIME_163040,88
COL_0731,Unicode,,FIXED,FIXED,5,5,,,,FIXED,1
COL_0732,Integer,18232781,1,100100,6,6,17805.450195312493,36236.85996334919,1,000001,4
COL_0733,Float,520.0655075052608,0.0008390155018538348,0.9999051916801559,15,21,0.5078764721731068,0.28739550295860333,0.4981029457439918,N/A,1024
COL_0734,Integer,16974530,1,100100,6,6,16576.68945312499,35174.75245611366,1,000001,4
COL_0735,Unicode,,FIXED,FIXED,5,5,,,,FIXED,1
COL_0736,Integer,16818368,1,100100,6,6,16424.187499999996,35097.57085795123,1,000001,4
COL_0737,Unicode,,cycle0000,cycle0099,9,9,,,,cycle0040,100
COL_0738,Unicode,,cycle0000,cycle0099,9,9,,,,cycle0095,100
COL_0739,Unicode,,cycle0000,cycle0099,9,9,,,,cycle0021,100
COL_0740,Unicode,,PAT001,PAT005,6,6,,,,PAT004,5
COL_0741,Unicode,,2020-08-22 16:41:34,2020-08-22 17:00:04,19,19,,,,N/A,1024
COL_0742,Unicode,,FIXED,FIXED,5,5,,,,FIXED,1
COL_0743,Float,512.9426531170712,0.00032463119698167286,0.9998137437451151,16,22,0.5009205596846401,0.2857793164933503,0.5014035410063816,N/A,1024
COL_0744,Integer,17151701,1,100100,6,6,16749.708007812504,35489.42567594316,1,000001,4
COL_0745,Unicode,,cycle0000,cycle0099,9,9,,,,cycle0080,100
COL_0746,Unicode,,PAT001,PAT005,6,6,,,,PAT002,5
COL_0747,Integer,3929084928,747,7673247,3,7,3836997,2217023.976527994,3836997,N/A,1024
COL_0748,Float,523.1991237664213,0.0023844297513160306,0.9951497237845164,16,21,0.5109366443031463,0.2871022362333554,0.5112217909524834,N/A,1024
COL_0749,Unicode,,PAT001,PAT005,6,6,,,,N/A,5
COL_0750,Integer,3929088000,750,7673250,3,7,3837000,2217023.976527994,3837000,N/A,1024
COL_0751,Integer,3929089024,751,7673251,3,7,3837001,2217023.976527994,3837001,N/A,1024
COL_0752,Unicode,,file_0_752.txt,file_9_752.txt,14,17,,,,N/A,1024
COL_0753,Integer,15844423,1,100100,6,6,15473.069335937484,34256.54996784257,1,000001,4
COL_0754,Unicode,,cycle0000,cycle0099,9,9,,,,cycle0030,100
COL_0755,Unicode,,cycle0000,cycle0099,9,9,,,,cycle0062,100
COL_0756,Unicode,,TIME_162913,TIME_163040,11,11,,,,TIME_163040,88
COL_0757,Float,496.71668784819207,0.0025543242859712434,0.9988320545007265,16,21,0.48507489047675084,0.28041227303842275,0.4853064267398084,N/A,1024
COL_0758,Unicode,,FIXED,FIXED,5,5,,,,FIXED,1
COL_0759,Unicode,,FIXED,FIXED,5,5,,,,FIXED,1
COL_0760,Unicode,,cycle0000,cycle0099,9,9,,,,cycle0081,100
COL_0761,Unicode,,2020-08-22 16:41:54,2020-08-22 17:00:24,19,19,,,,N/A,1024
COL_0762,Integer,3929100288,762,7673262,3,7,3837012,2217023.976527994,3837012,N/A,1024
COL_0763,Float,519.1791535762765,0.0007643858928904068,0.9985803666446159,15,21,0.5070108921643324,0.28799478502250014,0.5178809059663615,N/A,1024
COL_0764,Unicode,,FIXED,FIXED,5,5,,,,FIXED,1
COL_0765,Float,496.0358200643582,0.0006398070707491765,0.9998985552393883,15,21,0.4844099805315996,0.2815460179997062,0.47280229902926274,N/A,1024
COL_0766,Integer,3929104384,766,7673266,3,7,3837016,2217023.976527994,3837016,N/A,1024
COL_0767,Unicode,,cycle0000,cycle0099,9,9,,,,cycle0007,100
COL_0768,Integer,14967568,1,100100,6,6,14616.765625000022,33470.958937751464,1,000001,4
COL_0769,Unicode,,PAT001,PAT005,6,6,,,,PAT003,5
COL_0770,Float,508.5496733496803,0.0010769562362703544,0.9996200663835945,15,21,0.4966305403805468,0.28874197027339404,0.48938450595689664,N/A,1024
COL_0771,Float,507.68453808732727,0.0016565900524322386,0.9999030252420328,16,21,0.4957856817259053,0.2950341101239093,0.48992395790154847,N/A,1024
COL_0772,Unicode,,TIME_162913,TIME_163040,11,11,,,,TIME_163040,88
COL_0773,Unicode,,FIXED,FIXED,5,5,,,,FIXED,1
COL_0774,Unicode,,TIME_162913,TIME_163040,11,11,,,,TIME_163040,88
COL_0775,Unicode,,file_0_775.txt,file_9_775.txt,14,17,,,,N/A,1024
COL_0776,Unicode,,PAT001,PAT005,6,6,,,,PAT001,5
COL_0777,Integer,15977540,1,100100,6,6,15603.066406250016,34216.17185209921,1,000001,4
COL_0778,Unicode,,cycle0000,cycle0099,9,9,,,,cycle0072,100
COL_0779,Integer,3929117696,779,7673279,3,7,3837029,2217023.976527994,3837029,N/A,1024
COL_0780,Unicode,,cycle0000,cycle0099,9,9,,,,cycle0056,100
COL_0781,Unicode,,0000030d,03ff030d,8,8,,,,N/A,1024
COL_0782,Unicode,,cycle0000,cycle0099,9,9,,,,cycle0067,100
COL_0783,Unicode,,2020-08-22 16:42:16,2020-08-22 17:00:46,19,19,,,,N/A,1024
COL_0784,Unicode,,2020-08-22 16:42:17,2020-08-22 17:00:47,19,19,,,,N/A,1024
COL_0785,Unicode,,cycle0000,cycle0099,9,9,,,,cycle0056,100
COL_0786,Unicode,,PAT001,PAT005,6,6,,,,PAT004,5
COL_0787,Unicode,,00000313,03ff0313,8,8,,,45313,N/A,1024
COL_0788,Unicode,,file_0_788.txt,file_9_788.txt,14,17,,,,N/A,1024
COL_0789,Integer,15762324,1,100100,6,6,15392.894531249998,34022.04803756699,1,000001,4
COL_0790,Integer,17101665,1,100100,6,6,16700.844726562475,35506.79719126399,1,000001,4
COL_0791,Unicode,,2020-08-22 16:42:24,2020-08-22 17:00:54,19,19,,,,N/A,1024
COL_0792,Unicode,,FIXED,FIXED,5,5,,,,FIXED,1
COL_0793,Unicode,,FIXED,FIXED,5,5,,,,FIXED,1
COL_0794,Unicode,,PAT001,PAT005,6,6,,,,PAT004,5
COL_0795,Unicode,,TIME_162913,TIME_163040,11,11,,,,TIME_163040,88
COL_0796,Unicode,,FIXED,FIXED,5,5,,,,FIXED,1
COL_0797,Unicode,,TIME_162913,TIME_163040,11,11,,,,TIME_163040,88
COL_0798,Integer,17145710,1,100100,6,6,16743.857421874996,35246.8483890479,1,000001,4
COL_0799,Integer,3929138176,799,7673299,3,7,3837049,2217023.976527994,3837049,N/A,1024
COL_0800,Unicode,,2020-08-22 16:42:33,2020-08-22 17:01:03,19,19,,,,N/A,1024
COL_0801,Unicode,,file_0_801.txt,file_9_801.txt,14,17,,,,N/A,1024
COL_0802,Unicode,,cycle0000,cycle0099,9,9,,,,cycle0031,100
COL_0803,Unicode,,2020-08-22 16:42:36,2020-08-22 17:01:06,19,19,,,,N/A,1024
COL_0804,Integer,16195756,1,100100,6,6,15816.167968750005,34279.67945694662,1,000001,4
COL_0805,Unicode,,PAT001,PAT005,6,6,,,,PAT002,5
COL_0806,Float,511.01374250207647,0.0002801014705220428,0.9998319290465439,17,21,0.4990368579121841,0.2859109792841249,0.5089663424716353,N/A,1024
COL_0807,Integer,3929146368,807,7673307,3,7,3837057,2217023.976527994,3837057,N/A,1024
COL_0808,Integer,3929147392,808,7673308,3,7,3837058,2217023.976527994,3837058,N/A,1024
COL_0809,Float,518.572468958239,0.0005353220396698832,0.9995034802369601,16,21,0.5064184267170305,0.2887246972155488,0.5250755888302576,N/A,1024
COL_0810,Unicode,,FIXED,FIXED,5,5,,,,FIXED,1
COL_0811,Unicode,,TIME_162913,TIME_163040,11,11,,,,TIME_163040,88
COL_0812,Unicode,,TIME_162913,TIME_163040,11,11,,,,TIME_163040,88
COL_0813,Unicode,,file_0_813.txt,file_9_813.txt,14,17,,,,N/A,1024
COL_0814,Unicode,,file_0_814.txt,file_9_814.txt,14,17,,,,N/A,1024
COL_0815,Unicode,,TIME_162913,TIME_163040,11,11,,,,TIME_163040,88
COL_0816,Unicode,,TIME_162913,TIME_163040,11,11,,,,TIME_163040,88
COL_0817,Unicode,,TIME_162913,TIME_163040,11,11,,,,TIME_163040,88
COL_0818,Unicode,,TIME_162913,TIME_163040,11,11,,,,TIME_163040,88
COL_0819,Unicode,,TIME_162913,TIME_163040,11,11,,,,TIME_163040,88
COL_0820,Unicode,,TIME_162913,TIME_163040,11,11,,,,TIME_163040,88
COL_0821,Unicode,,TIME_162913,TIME_163040,11,11,,,,TIME_163040,88
COL_0822,Integer,16713260,1,100100,6,6,16321.542968749985,34879.850089524276,1,000001,4
COL_0823,Float,516.5052305405146,0.0003775723734379399,0.9995901089852183,15,21,0.5043996391997216,0.29526362731993383,0.49589851658956896,N/A,1024
COL_0824,Unicode,,FIXED,FIXED,5,5,,,,FIXED,1
COL_0825,Unicode,,PAT001,PAT005,6,6,,,,N/A,5
COL_0826,Unicode,,2020-08-22 16:42:59,2020-08-22 17:01:29,19,19,,,,N/A,1024
COL_0827,Unicode,,TIME_162913,TIME_163040,11,11,,,,TIME_163040,88
COL_0828,Unicode,,file_0_828.txt,file_9_828.txt,14,17,,,,N/A,1024
COL_0829,Integer,16970557,1,100100,6,6,16572.809570312544,35303.97562437676,1,000001,4
COL_0830,Integer,3929169920,830,7673330,3,7,3837080,2217023.976527994,3837080,N/A,1024
COL_0831,Integer,14801397,1,100100,6,6,14454.489257812498,33252.81652515091,1,000001,4
COL_0832,Unicode,,00000340,03ff0340,8,8,,,45340,N/A,1024
COL_0833,Unicode,,TIME_162913,TIME_163040,11,11,,,,TIME_163040,88
COL_0834,Unicode,,PAT001,PAT005,6,6,,,,PAT004,5
COL_0835,Integer,16698242,1,100100,6,6,16306.876953124998,34758.78417787253,1,000001,4
COL_0836,Unicode,,TIME_162913,TIME_163040,11,11,,,,TIME_163040,88
COL_0837,Unicode,,file_0_837.txt,file_9_837.txt,14,17,,,,N/A,1024
COL_0838,Float,529.8907685625483,0.00002391381723443331,0.9996115996628459,16,21,0.517471453674364,0.28737584239544073,0.5276719702424307,N/A,1024
COL_0839,Unicode,,FIXED,FIXED,5,5,,,,FIXED,1
COL_0840,Unicode,,2020-08-22 16:43:13,2020-08-22 17:01:43,19,19,,,,N/A,1024
COL_0841,Unicode,,file_0_841.txt,file_9_841.txt,14,17,,,,N/A,1024
COL_0842,Float,516.1836575815693,0.0006692919827390176,0.997113962284856,15,21,0.5040856031070016,0.2874148736614513,0.5085043226892275,N/A,1024
COL_0843,Integer,3929183232,843,7673343,3,7,3837093,2217023.976527994,3837093,N/A,1024
COL_0844,Unicode,,2020-08-22 16:43:17,2020-08-22 17:01:47,19,19,,,,N/A,1024
COL_0845,Unicode,,2020-08-22 16:43:18,2020-08-22 17:01:48,19,19,,,,N/A,1024
COL_0846,Integer,16768341,1,100100,6,6,16375.333007812478,35239.854450283856,1,000001,4
COL_0847,Unicode,,cycle0000,cycle0099,9,9,,,,cycle0084,100
COL_0848,Integer,3929188352,848,7673348,3,7,3837098,2217023.976527994,3837098,N/A,1024
COL_0849,Float,511.6641472857029,0.0050819915465780685,0.9987706292623213,16,21,0.4996720188336938,0.28766610720798663,0.5104909974326242,N/A,1024
COL_0850,Unicode,,cycle0000,cycle0099,9,9,,,,cycle0093,100
COL_0851,Unicode,,file_0_851.txt,file_9_851.txt,14,17,,,,N/A,1024
COL_0852,Unicode,,2020-08-22 16:43:25,2020-08-22 17:01:55,19,19,,,,N/A,1024
COL_0853,Unicode,,file_0_853.txt,file_9_853.txt,14,17,,,,N/A,1024
COL_0854,Unicode,,2020-08-22 16:43:27,2020-08-22 17:01:57,19,19,,,,N/A,1024
COL_0855,Float,491.83515778151866,0.0004060744531393379,0.9983466897769597,16,21,0.48030777127101465,0.28387040273896474,0.46480140646729035,N/A,1024
COL_0856,Unicode,,FIXED,FIXED,5,5,,,,FIXED,1
COL_0857,Unicode,,file_0_857.txt,file_9_857.txt,14,17,,,,N/A,1024
COL_0858,Unicode,,2020-08-22 16:43:31,2020-08-22 17:02:01,19,19,,,,N/A,1024
COL_0859,Float,523.3917488025302,0.0015589669870628153,0.9995495669001184,16,21,0.511124754689972,0.2853312374962945,0.5184289468862854,N/A,1024
COL_0860,Unicode,,0000035c,03ff035c,8,8,,,,N/A,1024
COL_0861,Unicode,,PAT001,PAT005,6,6,,,,PAT005,5
COL_0862,Integer,17767304,1,100100,6,6,17350.882812499975,35782.33493314151,1,000001,4
COL_0863,Unicode,,FIXED,FIXED,5,5,,,,FIXED,1
COL_0864,Unicode,,TIME_162913,TIME_163040,11,11,,,,TIME_163040,88
COL_0865,Float,522.9731806573693,0.0005181109120141469,0.9991229275281581,15,21,0.510715996735713,0.29132164181749265,0.5190991889939189,N/A,1024
COL_0866,Unicode,,cycle0000,cycle0099,9,9,,,,cycle0089,100
COL_0867,Unicode,,file_0_867.txt,file_9_867.txt,14,17,,,,N/A,1024
COL_0868,Integer,3929208832,868,7673368,3,7,3837118,2217023.976527994,3837118,N/A,1024
COL_0869,Unicode,,FIXED,FIXED,5,5,,,,FIXED,1
COL_0870,Unicode,,00000366,03ff0366,8,8,,,45366,N/A,1024
COL_0871,Unicode,,FIXED,FIXED,5,5,,,,FIXED,1
COL_0872,Unicode,,file_0_872.txt,file_9_872.txt,14,17,,,,N/A,1024
COL_0873,Unicode,,00000369,03ff0369,8,8,,,45369,N/A,1024
COL_0874,Unicode,,TIME_162913,TIME_163040,11,11,,,,TIME_163040,88
COL_0875,Float,507.0878694997142,0.0004688006180539883,0.998528894412409,16,21,0.495202997558314,0.29415526360940625,0.48025083742509744,N/A,1024
COL_0876,Float,504.43995399254027,0.001159856409016946,0.9987068339226608,15,21,0.49261714257084016,0.2901700526272092,0.4901057500805274,N/A,1024
COL_0877,Unicode,,cycle0000,cycle0099,9,9,,,,cycle0018,100
COL_0878,Unicode,,FIXED,FIXED,5,5,,,,FIXED,1
COL_0879,Unicode,,0000036f,03ff036f,8,8,,,,N/A,1024
COL_0880,Integer,3929221120,880,7673380,3,7,3837130,2217023.976527994,3837130,N/A,1024
COL_0881,Unicode,,FIXED,FIXED,5,5,,,,FIXED,1
COL_0882,Unicode,,PAT001,PAT005,6,6,,,,PAT005,5
COL_0883,Integer,3929224192,883,7673383,3,7,3837133,2217023.976527994,3837133,N/A,1024
COL_0884,Unicode,,00000374,03ff0374,8,8,,,45374,N/A,1024
COL_0885,Unicode,,file_0_885.txt,file_9_885.txt,14,17,,,,N/A,1024
COL_0886,Integer,3929227264,886,7673386,3,7,3837136,2217023.976527994,3837136,N/A,1024
COL_0887,Unicode,,2020-08-22 16:44:00,2020-08-22 17:02:30,19,19,,,,N/A,1024
COL_0888,Float,516.3450303926264,0.005942714030382934,0.999686806135637,16,21,0.5042431937427987,0.29054550662714124,0.5090242327355157,N/A,1024
COL_0889,Unicode,,file_0_889.txt,file_9_889.txt,14,17,,,,N/A,1024
COL_0890,Unicode,,0000037a,03ff037a,8,8,,,,N/A,1024
COL_0891,Integer,15453018,1,100100,6,6,15090.837890625015,33723.21448634575,1,000001,4
COL_0892,Unicode,,PAT001,PAT005,6,6,,,,PAT003,5
COL_0893,Integer,3929234432,893,7673393,3,7,3837143,2217023.976527994,3837143,N/A,1024
COL_0894,Unicode,,file_0_894.txt,file_9_894.txt,14,17,,,,N/A,1024
COL_0895,Unicode,,0000037f,03ff037f,8,8,,,,N/A,1024
COL_0896,Unicode,,PAT001,PAT005,6,6,,,,PAT002,5
COL_0897,Unicode,,TIME_162913,TIME_163040,11,11,,,,TIME_163040,88
COL_0898,Unicode,,PAT001,PAT005,6,6,,,,PAT004,5
COL_0899,Integer,3929240576,899,7673399,3,7,3837149,2217023.976527994,3837149,N/A,1024
COL_0900,Float,505.1457188549617,0.0007767716307908179,0.9997804932034224,16,21,0.49330636606929834,0.28980740748369954,0.5047872999879628,N/A,1024
COL_0901,Float,503.89535461674933,0.0010604496458783697,0.999456355061709,16,21,0.4920853072429196,0.29597052396000223,0.48788570752736693,N/A,1024
COL_0902,Float,512.0328925174643,0.0002757196817892993,0.9996486722792598,16,21,0.5000321215990863,0.2900285473117295,0.5268963551808912,N/A,1024
COL_0903,Integer,14821406,1,100100,6,6,14474.029296874998,33114.55263729651,1,000001,4
COL_0904,Unicode,,cycle0000,cycle0099,9,9,,,,cycle0037,100
COL_0905,Unicode,,TIME_162913,TIME_163040,11,11,,,,TIME_163040,88
COL_0906,Unicode,,cycle0000,cycle0099,9,9,,,,N/A,100
COL_0907,Unicode,,PAT001,PAT005,6,6,,,,PAT002,5
COL_0908,Unicode,,file_0_908.txt,file_9_908.txt,14,17,,,,N/A,1024
COL_0909,Unicode,,PAT001,PAT005,6,6,,,,PAT003,5
COL_0910,Float,496.0552326980639,0.0007060998588526157,0.9996141507884143,16,21,0.48442893818170224,0.2932388781650057,0.4824138859737879,N/A,1024
COL_0911,Float,513.1834884069345,0.0005228088644615436,0.9983820729218055,15,21,0.5011557503973972,0.2826848095255879,0.5085315848830179,N/A,1024
COL_0912,Unicode,,FIXED,FIXED,5,5,,,,FIXED,1
COL_0913,Unicode,,file_0_913.txt,file_9_913.txt,14,17,,,,N/A,1024
COL_0914,Unicode,,00000392,03ff0392,8,8,,,45392,N/A,1024
COL_0915,Unicode,,FIXED,FIXED,5,5,,,,FIXED,1
COL_0916,Unicode,,cycle0000,cycle0099,9,9,,,,cycle0021,100
COL_0917,Integer,3929259008,917,7673417,3,7,3837167,2217023.976527994,3837167,N/A,1024
COL_0918,Unicode,,PAT001,PAT005,6,6,,,,PAT001,5
COL_0919,Integer,3929261056,919,7673419,3,7,3837169,2217023.976527994,3837169,N/A,1024
COL_0920,Unicode,,file_0_920.txt,file_9_920.txt,14,17,,,,N/A,1024
COL_0921,Unicode,,PAT001,PAT005,6,6,,,,PAT003,5
COL_0922,Unicode,,FIXED,FIXED,5,5,,,,FIXED,1
COL_0923,Unicode,,PAT001,PAT005,6,6,,,,PAT002,5
COL_0924,Float,523.262446003129,0.00006740574175267966,0.9998730301119446,16,21,0.5109984824249306,0.2775538191243511,0.5237740698317103,N/A,1024
COL_0925,Unicode,,FIXED,FIXED,5,5,,,,FIXED,1
COL_0926,Integer,15694261,1,100100,6,6,15326.426757812493,33784.92899408345,1,000001,4
COL_0927,Unicode,,0000039f,03ff039f,8,8,,,,N/A,1024
COL_0928,Unicode,,TIME_162913,TIME_163040,11,11,,,,TIME_163040,88
COL_0929,Unicode,,000003a1,03ff03a1,8,8,,,,N/A,1024
COL_0930,Unicode,,file_0_930.txt,file_9_930.txt,14,17,,,,N/A,1024
COL_0931,Float,516.9309664000273,0.0007771995948181454,0.999198876422008,15,21,0.5048153968750274,0.2920241971880235,0.5064584769854699,N/A,1024
COL_0932,Unicode,,TIME_162913,TIME_163040,11,11,,,,TIME_163040,88
COL_0933,Unicode,,cycle0000,cycle0099,9,9,,,,cycle0054,100
COL_0934,Unicode,,2020-08-22 16:44:47,2020-08-22 17:03:17,19,19,,,,N/A,1024
COL_0935,Unicode,,file_0_935.txt,file_9_935.txt,14,17,,,,N/A,1024
COL_0936,Integer,3929278464,936,7673436,3,7,3837186,2217023.976527994,3837186,N/A,1024
COL_0937,Unicode,,FIXED,FIXED,5,5,,,,FIXED,1
COL_0938,Unicode,,file_0_938.txt,file_9_938.txt,14,17,,,,N/A,1024
COL_0939,Unicode,,2020-08-22 16:44:52,2020-08-22 17:03:22,19,19,,,,N/A,1024
COL_0940,Unicode,,2020-08-22 16:44:53,2020-08-22 17:03:23,19,19,,,,N/A,1024
COL_0941,Unicode,,000003ad,03ff03ad,8,8,,,,N/A,1024
COL_0942,Unicode,,cycle0000,cycle0099,9,9,,,,cycle0093,100
COL_0943,Unicode,,cycle0000,cycle0099,9,9,,,,cycle0028,100
COL_0944,Unicode,,TIME_162913,TIME_163040,11,11,,,,TIME_163040,88
COL_0945,Integer,15197784,1,100100,6,6,14841.585937499998,33406.89915380794,1,000001,4
COL_0946,Unicode,,2020-08-22 16:44:59,2020-08-22 17:03:29,19,19,,,,N/A,1024
COL_0947,Unicode,,cycle0000,cycle0099,9,9,,,,cycle0029,100
COL_0948,Unicode,,FIXED,FIXED,5,5,,,,FIXED,1
COL_0949,Unicode,,PAT001,PAT005,6,6,,,,PAT001,5
COL_0950,Unicode,,2020-08-22 16:45:03,2020-08-22 17:03:33,19,19,,,,N/A,1024
COL_0951,Unicode,,000003b7,03ff03b7,8,8,,,,N/A,1024
COL_0952,Float,515.3632194517021,0.004093518908972915,0.9992462606902226,16,21,0.5032843939958027,0.28184959955361977,0.517120983617583,N/A,1024
COL_0953,Integer,3929295872,953,7673453,3,7,3837203,2217023.976527994,3837203,N/A,1024
COL_0954,Unicode,,FIXED,FIXED,5,5,,,,FIXED,1
COL_0955,Integer,17304872,1,100100,6,6,16899.289062500015,35689.30126275202,1,000001,4
COL_0956,Integer,17374926,1,100100,6,6,16967.70117187501,35542.7576951306,1,000001,4
COL_0957,Unicode,,file_0_957.txt,file_9_957.txt,14,17,,,,N/A,1024
COL_0958,Unicode,,2020-08-22 16:45:11,2020-08-22 17:03:41,19,19,,,,N/A,1024
COL_0959,Integer,16910467,1,100100,6,6,16514.1279296875,34945.91772919669,1,000001,4
COL_0960,Unicode,,000003c0,03ff03c0,8,8,,,,N/A,1024
COL_0961,Unicode,,FIXED,FIXED,5,5,,,,FIXED,1
COL_0962,Unicode,,FIXED,FIXED,5,5,,,,FIXED,1
COL_0963,Unicode,,000003c3,03ff03c3,8,8,,,,N/A,1024
COL_0964,Integer,3929307136,964,7673464,3,7,3837214,2217023.976527994,3837214,N/A,1024
COL_0965,Unicode,,000003c5,03ff03c5,8,8,,,,N/A,1024
COL_0966,Unicode,,file_0_966.txt,file_9_966.txt,14,17,,,,N/A,1024
COL_0967,Unicode,,file_0_967.txt,file_9_967.txt,14,17,,,,N/A,1024
COL_0968,Unicode,,TIME_162913,TIME_163040,11,11,,,,TIME_163040,88
COL_0969,Unicode,,2020-08-22 16:45:22,2020-08-22 17:03:52,19,19,,,,N/A,1024
COL_0970,Unicode,,PAT001,PAT005,6,6,,,,PAT005,5
COL_0971,Unicode,,cycle0000,cycle0099,9,9,,,,cycle0058,100
COL_0972,Unicode,,FIXED,FIXED,5,5,,,,FIXED,1
COL_0973,Integer,14404019,1,100100,6,6,14066.424804687487,32830.71982561123,1,000001,4
COL_0974,Unicode,,FIXED,FIXED,5,5,,,,FIXED,1
COL_0975,Unicode,,cycle0000,cycle0099,9,9,,,,cycle0064,100
COL_0976,Unicode,,PAT001,PAT005,6,6,,,,PAT005,5
COL_0977,Unicode,,000003d1,03ff03d1,8,8,,,,N/A,1024
COL_0978,Unicode,,TIME_162913,TIME_163040,11,11,,,,TIME_163040,88
COL_0979,Unicode,,cycle0000,cycle0099,9,9,,,,cycle0073,100
COL_0980,Unicode,,2020-08-22 16:45:33,2020-08-22 17:04:03,19,19,,,,N/A,1024
COL_0981,Integer,17191755,1,100100,6,6,16788.823242187522,35601.59532746188,1,000001,4
COL_0982,Unicode,,file_0_982.txt,file_9_982.txt,14,17,,,,N/A,1024
COL_0983,Integer,16006594,1,100100,6,6,15631.439453125007,34338.54331511668,1,000001,4
COL_0984,Unicode,,cycle0000,cycle0099,9,9,,,,cycle0025,100
COL_0985,Unicode,,2020-08-22 16:45:38,2020-08-22 17:04:08,19,19,,,,N/A,1024
COL_0986,Unicode,,PAT001,PAT005,6,6,,,,PAT003,5
COL_0987,Unicode,,TIME_162913,TIME_163040,11,11,,,,TIME_163040,88
COL_0988,Integer,17739286,1,100100,6,6,17323.52148437499,35792.746465976335,1,000001,4
COL_0989,Unicode,,FIXED,FIXED,5,5,,,,FIXED,1
COL_0990,Integer,15351910,1,100100,6,6,14992.09960937498,33490.78588033815,1,000001,4
COL_0991,Unicode,,file_0_991.txt,file_9_991.txt,14,17,,,,N/A,1024
COL_0992,Unicode,,PAT001,PAT005,6,6,,,,PAT004,5
COL_0993,Unicode,,TIME_162913,TIME_163040,11,11,,,,TIME_163040,88
COL_0994,Unicode,,2020-08-22 16:45:47,2020-08-22 17:04:17,19,19,,,,N/A,1024
COL_0995,Unicode,,file_0_995.txt,file_9_995.txt,14,17,,,,N/A,1024
COL_0996,Unicode,,TIME_162913,TIME_163040,11,11,,,,TIME_163040,88
COL_0997,Integer,3929340928,997,7673497,3,7,3837247,2217023.976527994,3837247,N/A,1024
COL_0998,Unicode,,cycle0000,cycle0099,9,9,,,,cycle0012,100
COL_0999,Unicode,,2020-08-22 16:45:52,2020-08-22 17:04:22,19,19,,,,N/A,1024
COL_1000,Float,513.5159100823216,0.0009449170524773454,0.9997649200640346,16,21,0.5014803809397682,0.28649459216978274,0.50396395920005,N/A,1024
COL_1001,Unicode,,PAT001,PAT005,6,6,,,,PAT005,5
COL_1002,Unicode,,cycle0000,cycle0099,9,9,,,,cycle0017,100
COL_1003,Unicode,,2020-08-22 16:45:56,2020-08-22 17:04:26,19,19,,,,N/A,1024
COL_1004,Unicode,,FIXED,FIXED,5,5,,,,FIXED,1
COL_1005,Unicode,,file_0_1005.txt,file_9_1005.txt,15,18,,,,N/A,1024
COL_1006,Unicode,,cycle0000,cycle0099,9,9,,,,cycle0033,100
COL_1007,Unicode,,PAT001,PAT005,6,6,,,,PAT001,5
COL_1008,Unicode,,000003f0,03ff03f0,8,8,,,,N/A,1024
COL_1009,Unicode,,file_0_1009.txt,file_9_1009.txt,15,18,,,,N/A,1024
COL_1010,Unicode,,TIME_162913,TIME_163040,11,11,,,,TIME_163040,88
COL_1011,Float,500.49083260673143,0.0003877214676637486,0.9978360722336029,15,21,0.48876057871751133,0.2825044878189477,0.4796631757454435,N/A,1024
COL_1012,Float,514.8163190329709,0.0002089625164191089,0.9976401427455417,16,21,0.5027503115556359,0.2826490727673075,0.5184320548335086,N/A,1024
COL_1013,Unicode,,FIXED,FIXED,5,5,,,,FIXED,1
COL_1014,Unicode,,cycle0000,cycle0099,9,9,,,,cycle0042,100
COL_1015,Integer,16237792,1,100100,6,6,15857.218749999998,34393.4318291917,1,000001,4
COL_1016,Float,533.0846671039372,0.000282907650947295,0.9990132425439859,16,21,0.5205904952186888,0.2843831009959826,0.5305804889533716,N/A,1024
COL_1017,Unicode,,PAT001,PAT005,6,6,,,,PAT003,5
COL_1018,Integer,3929362432,1018,7673518,4,7,3837268,2217023.976527994,3837268,N/A,1024
COL_1019,Unicode,,000003fb,03ff03fb,8,8,,,,N/A,1024
COL_1020,Unicode,,FIXED,FIXED,5,5,,,,FIXED,1
COL_1021,Unicode,,TIME_162913,TIME_163040,11,11,,,,TIME_163040,88
COL_1022,Unicode,,file_0_1022.txt,file_9_1022.txt,15,18,,,,N/A,1024
COL_1023,Integer,3929367552,1023,7673523,4,7,3837273,2217023.976527994,3837273,N/A,1024
COL_1024,Unicode,,2020-08-22 16:46:17,2020-08-22 17:04:47,19,19,,,,N/A,1024
COL_1025,Integer,13836452,1,100100,6,6,13512.160156249996,32031.373846311417,1,000001,4
COL_1026,Unicode,,cycle0000,cycle0099,9,9,,,,cycle0064,100
COL_1027,Float,514.2219785557438,0.0001909598401237389,0.9996764515193624,15,21,0.5021699009333447,0.29225596814426547,0.4952870357486987,N/A,1024
COL_1028,Integer,17508070,1,100100,6,6,17097.724609375007,35868.55553544845,1,000001,4
COL_1029,Unicode,,TIME_162913,TIME_163040,11,11,,,,TIME_163040,88
COL_1030,Unicode,,00000406,03ff0406,8,8,,,45406,N/A,1024
COL_1031,Unicode,,00000407,03ff0407,8,8,,,45407,N/A,1024
COL_1032,Unicode,,00000408,03ff0408,8,8,,,45408,N/A,1024
COL_1033,Unicode,,cycle0000,cycle0099,9,9,,,,cycle0057,100
COL_1034,Integer,3929378816,1034,7673534,4,7,3837284,2217023.976527994,3837284,N/A,1024
COL_1035,Unicode,,FIXED,FIXED,5,5,,,,FIXED,1
COL_1036,Float,498.6018069438128,0.00037126567101453123,0.9987601410187649,15,22,0.4869158270935669,0.2858300725800339,0.4712621683188649,N/A,1024
COL_1037,Float,508.3691654329862,0.00039797911565297994,0.9993666815367909,15,22,0.4964542631181507,0.28240391173444723,0.504951492851764,N/A,1024
COL_1038,Float,504.79534202918387,0.000024485533085094602,0.9992010082329728,16,22,0.4929642012003746,0.286867398987541,0.4878822928555556,N/A,1024
COL_1039,Unicode,,PAT001,PAT005,6,6,,,,PAT002,5
COL_1040,Unicode,,cycle0000,cycle0099,9,9,,,,cycle0079,100
COL_1041,Unicode,,TIME_162913,TIME_163040,11,11,,,,TIME_163040,88
COL_1042,Unicode,,PAT001,PAT005,6,6,,,,N/A,5
COL_1043,Unicode,,TIME_162913,TIME_163040,11,11,,,,TIME_163040,88
COL_1044,Integer,3929389056,1044,7673544,4,7,3837294,2217023.976527994,3837294,N/A,1024
COL_1045,Float,511.0534402790159,0.0005313701966580542,0.9954875672385509,16,21,0.49907562527247573,0.2871881804330014,0.4974744846016145,N/A,1024
COL_1046,Unicode,,cycle0000,cycle0099,9,9,,,,cycle0032,100
COL_1047,Unicode,,00000417,03ff0417,8,8,,,45417,N/A,1024
COL_1048,Unicode,,FIXED,FIXED,5,5,,,,FIXED,1
COL_1049,Unicode,,FIXED,FIXED,5,5,,,,FIXED,1
COL_1050,Unicode,,2020-08-22 16:46:43,2020-08-22 17:05:13,19,19,,,,N/A,1024
COL_1051,Unicode,,PAT001,PAT005,6,6,,,,PAT001,5
COL_1052,Unicode,,2020-08-22 16:46:45,2020-08-22 17:05:15,19,19,,,,N/A,1024
COL_1053,Integer,16365927,1,100100,6,6,15982.350585937496,34735.08320886109,1,000001,4
COL_1054,Unicode,,file_0_1054.txt,file_9_1054.txt,15,18,,,,N/A,1024
COL_1055,Unicode,,0000041f,03ff041f,8,8,,,,N/A,1024
COL_1056,Unicode,,cycle0000,cycle0099,9,9,,,,cycle0062,100
COL_1057,Unicode,,cycle0000,cycle0099,9,9,,,,cycle0074,100
COL_1058,Unicode,,FIXED,FIXED,5,5,,,,FIXED,1
COL_1059,Unicode,,file_0_1059.txt,file_9_1059.txt,15,18,,,,N/A,1024
COL_1060,Float,510.6260854467043,0.00027964567668681273,0.9992916314790687,15,22,0.4986582865690469,0.28695732530906193,0.4937689323472628,N/A,1024
COL_1061,Unicode,,FIXED,FIXED,5,5,,,,FIXED,1
COL_1062,Float,520.5736457367734,0.0004204620801609993,0.9996681652615997,16,21,0.5083727009148181,0.28817600608437544,0.5143878200519145,N/A,1024
COL_1063,Unicode,,TIME_162913,TIME_163040,11,11,,,,TIME_163038,88
COL_1064,Unicode,,TIME_162913,TIME_163040,11,11,,,,TIME_163038,88
COL_1065,Float,505.6280114337269,0.0007767547920743967,0.9974680668895126,16,21,0.493777354915749,0.28183856269255425,0.491625746843462,N/A,1024
COL_1066,Unicode,,PAT001,PAT005,6,6,,,,PAT001,5
COL_1067,Integer,16951512,1,100100,6,6,16554.210937499975,35182.51419307238,1,000001,4
COL_1068,Unicode,,file_0_1068.txt,file_9_1068.txt,15,18,,,,N/A,1024
COL_1069,Unicode,,cycle0000,cycle0099,9,9,,,,cycle0093,100
COL_1070,Unicode,,cycle0000,cycle0099,9,9,,,,cycle0022,100
COL_1071,Integer,14927496,1,100100,6,6,14577.63281249999,33083.95577503614,1,000001,4
COL_1072,Unicode,,cycle0000,cycle0099,9,9,,,,cycle0097,100
COL_1073,Unicode,,cycle0000,cycle0099,9,9,,,,cycle0072,100
COL_1074,Unicode,,00000432,03ff0432,8,8,,,45432,N/A,1024
COL_1075,Unicode,,2020-08-22 16:47:08,2020-08-22 17:05:38,19,19,,,,N/A,1024
COL_1076,Unicode,,file_0_1076.txt,file_9_1076.txt,15,18,,,,N/A,1024
COL_1077,Unicode,,TIME_162913,TIME_163040,11,11,,,,TIME_163038,88
COL_1078,Unicode,,FIXED,FIXED,5,5,,,,FIXED,1
COL_1079,Unicode,,PAT001,PAT005,6,6,,,,PAT001,5
COL_1080,Unicode,,2020-08-22 16:47:13,2020-08-22 17:05:43,19,19,,,,N/A,1024
COL_1081,Unicode,,cycle0000,cycle0099,9,9,,,,cycle0009,100
COL_1082,Integer,3929427968,1082,7673582,4,7,3837332,2217023.976527994,3837332,N/A,1024
COL_1083,Unicode,,TIME_162913,TIME_163040,11,11,,,,TIME_163038,88
COL_1084,Float,511.6789551685846,0.0010003407810110776,0.9997784929215874,16,21,0.49968647965682095,0.2948062723329274,0.48514210651153966,N/A,1024
COL_1085,Integer,17554124,1,100100,6,6,17142.699218750025,35733.2919604317,1,000001,4
COL_1086,Unicode,,cycle0000,cycle0099,9,9,,,,cycle0093,100
COL_1087,Unicode,,2020-08-22 16:47:20,2020-08-22 17:05:50,19,19,,,,N/A,1024
COL_1088,Float,521.4980819386625,0.00011922929578012109,0.9994867093066833,15,22,0.5092754706432243,0.29995164998321383,0.5190786070335456,N/A,1024
COL_1089,Integer,17234809,1,100100,6,6,16830.868164062478,35467.0543579708,1,000001,4
COL_1090,Unicode,,file_0_1090.txt,file_9_1090.txt,15,18,,,,N/A,1024
COL_1091,Unicode,,2020-08-22 16:47:24,2020-08-22 17:05:54,19,19,,,,N/A,1024
COL_1092,Unicode,,PAT001,PAT005,6,6,,,,PAT001,5
COL_1093,Unicode,,cycle0000,cycle0099,9,9,,,,cycle0078,100
COL_1094,Unicode,,PAT001,PAT005,6,6,,,,PAT005,5
COL_1095,Float,535.9651937761889,0.001044766135894215,0.9984538947062396,16,21,0.5234035095470596,0.2918564038472192,0.534501226432694,N/A,1024
COL_1096,Unicode,,00000448,03ff0448,8,8,,,45448,N/A,1024
COL_1097,Unicode,,00000449,03ff0449,8,8,,,45449,N/A,1024
COL_1098,Unicode,,cycle0000,cycle0099,9,9,,,,cycle0099,100
COL_1099,Unicode,,PAT001,PAT005,6,6,,,,PAT002,5
COL_1100,Unicode,,FIXED,FIXED,5,5,,,,FIXED,1
COL_1101,Unicode,,cycle0000,cycle0099,9,9,,,,cycle0072,100
COL_1102,Unicode,,file_0_1102.txt,file_9_1102.txt,15,18,,,,N/A,1024
COL_1103,Unicode,,cycle0000,cycle0099,9,9,,,,cycle0092,100
COL_1104,Unicode,,PAT001,PAT005,6,6,,,,PAT001,5
COL_1105,Unicode,,2020-08-22 16:47:38,2020-08-22 17:06:08,19,19,,,,N/A,1024
COL_1106,Unicode,,2020-08-22 16:47:39,2020-08-22 17:06:09,19,19,,,,N/A,1024
COL_1107,Unicode,,PAT001,PAT005,6,6,,,,PAT004,5
COL_1108,Float,505.91614533066513,0.0003714238356644639,0.9989500520191275,16,21,0.4940587356744784,0.28452760426421037,0.48994261604030576,N/A,1024
COL_1109,Unicode,,file_0_1109.txt,file_9_1109.txt,15,18,,,,N/A,1024
COL_1110,Unicode,,FIXED,FIXED,5,5,,,,FIXED,1
COL_1111,Unicode,,FIXED,FIXED,5,5,,,,FIXED,1
COL_1112,Unicode,,cycle0000,cycle0099,9,9,,,,cycle0006,100
COL_1113,Unicode,,cycle0000,cycle0099,9,9,,,,cycle0081,100
COL_1114,Unicode,,file_0_1114.txt,file_9_1114.txt,15,18,,,,N/A,1024
COL_1115,Integer,3929461760,1115,7673615,4,7,3837365,2217023.976527994,3837365,N/A,1024
COL_1116,Unicode,,2020-08-22 16:47:49,2020-08-22 17:06:19,19,19,,,,N/A,1024
COL_1117,Unicode,,2020-08-22 16:47:50,2020-08-22 17:06:20,19,19,,,,N/A,1024
COL_1118,Unicode,,PAT001,PAT005,6,6,,,,PAT005,5
COL_1119,Unicode,,PAT001,PAT005,6,6,,,,PAT004,5
COL_1120,Unicode,,2020-08-22 16:47:53,2020-08-22 17:06:23,19,19,,,,N/A,1024
COL_1121,Integer,3929467904,1121,7673621,4,7,3837371,2217023.976527994,3837371,N/A,1024
COL_1122,Unicode,,file_0_1122.txt,file_9_1122.txt,15,18,,,,N/A,1024
COL_1123,Integer,18720285,1,100100,6,6,18281.52832031248,36910.27147892081,1,000001,4
COL_1124,Float,519.9507120761996,0.0003235067374762757,0.9999671142098281,16,21,0.507764367261914,0.2881675468117865,0.5077995937100852,N/A,1024
COL_1125,Float,503.20036218408865,0.000770076278976406,0.9993540191218889,15,21,0.4914066036953993,0.2903197794892719,0.4980816973329366,N/A,1024
COL_1126,Unicode,,2020-08-22 16:47:59,2020-08-22 17:06:29,19,19,,,,N/A,1024
COL_1127,Unicode,,00000467,03ff0467,8,8,,,45467,N/A,1024
COL_1128,Unicode,,file_0_1128.txt,file_9_1128.txt,15,18,,,,N/A,1024
COL_1129,Unicode,,00000469,03ff0469,8,8,,,45469,N/A,1024
COL_1130,Unicode,,0000046a,03ff046a,8,8,,,,N/A,1024
COL_1131,Unicode,,0000046b,03ff046b,8,8,,,,N/A,1024
COL_1132,Unicode,,cycle0000,cycle0099,9,9,,,,cycle0011,100
COL_1133,Unicode,,2020-08-22 16:48:06,2020-08-22 17:06:36,19,19,,,,N/A,1024
COL_1134,Unicode,,TIME_162913,TIME_163040,11,11,,,,TIME_163038,88
COL_1135,Integer,18368898,1,100100,6,6,17938.376953124993,36309.16185388657,1,000001,4
COL_1136,Unicode,,FIXED,FIXED,5,5,,,,FIXED,1
COL_1137,Integer,3929484288,1137,7673637,4,7,3837387,2217023.976527994,3837387,N/A,1024
COL_1138,Float,525.9263749247475,0.00010121727771639222,0.9983149315238198,16,22,0.513599975512449,0.2879358558627887,0.5219769818642775,N/A,1024
COL_1139,Unicode,,cycle0000,cycle0099,9,9,,,,cycle0016,100
COL_1140,Unicode,,file_0_1140.txt,file_9_1140.txt,15,18,,,,N/A,1024
COL_1141,Integer,3929488384,1141,7673641,4,7,3837391,2217023.976527994,3837391,N/A,1024
COL_1142,Unicode,,2020-08-22 16:48:15,2020-08-22 17:06:45,19,19,,,,N/A,1024
COL_1143,Unicode,,TIME_162913,TIME_163040,11,11,,,,TIME_163038,88
COL_1144,Unicode,,file_0_1144.txt,file_9_1144.txt,15,18,,,,N/A,1024
COL_1145,Unicode,,00000479,03ff0479,8,8,,,45479,N/A,1024
COL_1146,Float,513.7067523872894,0.0022345148125638703,0.9986737294672672,15,21,0.5016667503782132,0.2868139420239962,0.5002166995859811,N/A,1024
COL_1147,Unicode,,PAT001,PAT005,6,6,,,,PAT003,5
COL_1148,Unicode,,PAT001,PAT005,6,6,,,,PAT002,5
COL_1149,Unicode,,TIME_162913,TIME_163040,11,11,,,,TIME_163038,88
COL_1150,Float,521.0246526105024,0.0003066644494440496,0.9996720305038186,15,21,0.5088131373149435,0.28994812686189975,0.5078494347103955,N/A,1024
COL_1151,Unicode,,file_0_1151.txt,file_9_1151.txt,15,18,,,,N/A,1024
COL_1152,Unicode,,TIME_162913,TIME_163040,11,11,,,,TIME_163038,88
COL_1153,Unicode,,2020-08-22 16:48:26,2020-08-22 17:06:56,19,19,,,,N/A,1024
COL_1154,Float,512.1836173442204,0.0001878072973735545,0.9984433095443641,15,21,0.5001793138127144,0.2909122286807647,0.5023291710079394,N/A,1024
COL_1155,Unicode,,FIXED,FIXED,5,5,,,,FIXED,1
COL_1156,Unicode,,2020-08-22 16:48:29,2020-08-22 17:06:59,19,19,,,,N/A,1024
COL_1157,Unicode,,file_0_1157.txt,file_9_1157.txt,15,18,,,,N/A,1024
COL_1158,Unicode,,PAT001,PAT005,6,6,,,,PAT003,5
COL_1159,Unicode,,2020-08-22 16:48:32,2020-08-22 17:07:02,19,19,,,,N/A,1024
COL_1160,Integer,3929507840,1160,7673660,4,7,3837410,2217023.976527994,3837410,N/A,1024
COL_1161,Unicode,,file_0_1161.txt,file_9_1161.txt,15,18,,,,N/A,1024
COL_1162,Integer,16231810,1,100100,6,6,15851.376953124996,34525.09569858685,1,000001,4
COL_1163,Unicode,,2020-08-22 16:48:36,2020-08-22 17:07:06,19,19,,,,N/A,1024
COL_1164,Float,519.4296493425902,0.0001686206384968747,0.9995223579443384,15,22,0.5072555169361234,0.2869257378087296,0.5115574666267574,N/A,1024
COL_1165,Unicode,,file_0_1165.txt,file_9_1165.txt,15,18,,,,N/A,1024
COL_1166,Unicode,,file_0_1166.txt,file_9_1166.txt,15,18,,,,N/A,1024
COL_1167,Unicode,,2020-08-22 16:48:40,2020-08-22 17:07:10,19,19,,,,N/A,1024
COL_1168,Unicode,,2020-08-22 16:48:41,2020-08-22 17:07:11,19,19,,,,N/A,1024
COL_1169,Unicode,,2020-08-22 16:48:42,2020-08-22 17:07:12,19,19,,,,N/A,1024
COL_1170,Unicode,,PAT001,PAT005,6,6,,,,PAT005,5
COL_1171,Unicode,,00000493,03ff0493,8,8,,,45493,N/A,1024
COL_1172,Unicode,,cycle0000,cycle0099,9,9,,,,cycle0087,100
COL_1173,Unicode,,TIME_162913,TIME_163040,11,11,,,,TIME_163038,88
COL_1174,Unicode,,file_0_1174.txt,file_9_1174.txt,15,18,,,,N/A,1024
COL_1175,Integer,3929523200,1175,7673675,4,7,3837425,2217023.976527994,3837425,N/A,1024
COL_1176,Unicode,,FIXED,FIXED,5,5,,,,FIXED,1
COL_1177,Unicode,,2020-08-22 16:48:50,2020-08-22 17:07:20,19,19,,,,N/A,1024
COL_1178,Unicode,,cycle0000,cycle0099,9,9,,,,cycle0040,100
COL_1179,Float,512.8280550235464,0.00035136308149485984,0.9980975276164307,16,22,0.5008086474839316,0.2846824285556379,0.502067912110738,N/A,1024
COL_1180,Unicode,,2020-08-22 16:48:53,2020-08-22 17:07:23,19,19,,,,N/A,1024
COL_1181,Unicode,,PAT001,PAT005,6,6,,,,PAT005,5
COL_1182,Integer,3929530368,1182,7673682,4,7,3837432,2217023.976527994,3837432,N/A,1024
COL_1183,Unicode,,file_0_1183.txt,file_9_1183.txt,15,18,,,,N/A,1024
COL_1184,Integer,3929532416,1184,7673684,4,7,3837434,2217023.976527994,3837434,N/A,1024
COL_1185,Unicode,,000004a1,03ff04a1,8,8,,,,N/A,1024
COL_1186,Unicode,,TIME_162913,TIME_163040,11,11,,,,TIME_163038,88
COL_1187,Unicode,,cycle0000,cycle0099,9,9,,,,cycle0046,100
COL_1188,Unicode,,FIXED,FIXED,5,5,,,,FIXED,1
COL_1189,Unicode,,PAT001,PAT005,6,6,,,,PAT002,5
COL_1190,Unicode,,cycle0000,cycle0099,9,9,,,,cycle0001,100
COL_1191,Unicode,,2020-08-22 16:49:04,2020-08-22 17:07:34,19,19,,,,N/A,1024
COL_1192,Unicode,,file_0_1192.txt,file_9_1192.txt,15,18,,,,N/A,1024
COL_1193,Unicode,,TIME_162913,TIME_163040,11,11,,,,TIME_163038,88
COL_1194,Unicode,,cycle0000,cycle0099,9,9,,,,cycle0031,100
COL_1195,Integer,3929543680,1195,7673695,4,7,3837445,2217023.976527994,3837445,N/A,1024
COL_1196,Unicode,,TIME_162913,TIME_163040,11,11,,,,TIME_163038,88
COL_1197,Integer,3929545728,1197,7673697,4,7,3837447,2217023.976527994,3837447,N/A,1024
COL_1198,Integer,16039630,1,100100,6,6,15663.70117187503,34456.1904732129,1,000001,4
COL_1199,Integer,16907467,1,100100,6,6,16511.19824218752,35071.777360066866,1,000001,4
COL_1200,Unicode,,TIME_162913,TIME_163040,11,11,,,,TIME_163038,88
COL_1201,Unicode,,TIME_162913,TIME_163040,11,11,,,,TIME_163038,88
COL_1202,Float,516.8986862475144,0.008615889874953653,0.9996654095718113,15,20,0.5047838732885871,0.2831268861499686,0.5018018045062425,N/A,1024
COL_1203,Integer,3929551872,1203,7673703,4,7,3837453,2217023.976527994,3837453,N/A,1024
COL_1204,Unicode,,000004b4,03ff04b4,8,8,,,,N/A,1024
COL_1205,Unicode,,2020-08-22 16:49:18,2020-08-22 17:07:48,19,19,,,,N/A,1024
COL_1206,Unicode,,file_0_1206.txt,file_9_1206.txt,15,18,,,,N/A,1024
COL_1207,Unicode,,FIXED,FIXED,5,5,,,,FIXED,1
COL_1208,Unicode,,FIXED,FIXED,5,5,,,,FIXED,1
COL_1209,Integer,14950523,1,100100,6,6,14600.120117187505,33078.37217990755,1,000001,4
COL_1210,Integer,16883431,1,100100,6,6,16487.72558593751,35201.5194575879,1,000001,4
COL_1211,Unicode,,000004bb,03ff04bb,8,8,,,,N/A,1024
COL_1212,Integer,15151739,1,100100,6,6,14796.620117187518,33419.57918776259,1,000001,4
COL_1213,Unicode,,000004bd,03ff04bd,8,8,,,,N/A,1024
COL_1214,Integer,15838423,1,100100,6,6,15467.209960937487,34131.628328935985,1,000001,4
COL_1215,Unicode,,2020-08-22 16:49:28,2020-08-22 17:07:58,19,19,,,,N/A,1024
COL_1216,Unicode,,file_0_1216.txt,file_9_1216.txt,15,18,,,,N/A,1024
COL_1217,Unicode,,TIME_162913,TIME_163040,11,11,,,,TIME_163038,88
COL_1218,Unicode,,000004c2,03ff04c2,8,8,,,,N/A,1024
COL_1219,Unicode,,2020-08-22 16:49:32,2020-08-22 17:08:02,19,19,,,,N/A,1024
COL_1220,Unicode,,2020-08-22 16:49:33,2020-08-22 17:08:03,19,19,,,,N/A,1024
COL_1221,Float,505.4238550947356,0.00201883674755865,0.9996004978492928,16,21,0.49357798349095294,0.29442547859498797,0.4786820828888733,N/A,1024
COL_1222,Unicode,,FIXED,FIXED,5,5,,,,FIXED,1
COL_1223,Integer,3929572352,1223,7673723,4,7,3837473,2217023.976527994,3837473,N/A,1024
COL_1224,Integer,16321864,1,100100,6,6,15939.320312500002,34619.66927378011,1,000001,4
COL_1225,Unicode,,file_0_1225.txt,file_9_1225.txt,15,18,,,,N/A,1024
COL_1226,Unicode,,FIXED,FIXED,5,5,,,,FIXED,1
COL_1227,Unicode,,cycle0000,cycle0099,9,9,,,,cycle0032,100
COL_1228,Unicode,,PAT001,PAT005,6,6,,,,PAT002,5
COL_1229,Unicode,,2020-08-22 16:49:42,2020-08-22 17:08:12,19,19,,,,N/A,1024
COL_1230,Float,529.3279402752754,0.0007089741523927939,0.9984392927447503,16,21,0.516921816675074,0.282792912028826,0.5315979831508512,N/A,1024
COL_1231,Unicode,,2020-08-22 16:49:44,2020-08-22 17:08:14,19,19,,,,N/A,1024
COL_1232,Unicode,,PAT001,PAT005,6,6,,,,PAT001,5
COL_1233,Unicode,,FIXED,FIXED,5,5,,,,FIXED,1
COL_1234,Unicode,,cycle0000,cycle0099,9,9,,,,cycle0095,100
COL_1235,Unicode,,TIME_162913,TIME_163040,11,11,,,,TIME_163038,88
COL_1236,Unicode,,TIME_162913,TIME_163040,11,11,,,,TIME_163038,88
COL_1237,Unicode,,000004d5,03ff04d5,8,8,